abandonados,0,0,0,0,0
abandonó,0,0,0,0,0
abastece,0,0,0,0,0
abasto,0,0,0,0,0
abatido,0,0,0,0,0
abbot,0,0,0,0,0
abbott,0,0,0,0,0
abc,0,0,0,0,0
abierta,0,0,0,0,0
abiertas,0,0,0,0,0
abogado,0,0,0,0,0
abogados,0,0,0,0,0
abordar,0,0,0,0,0
abril,0,0,0,0,0
abrir,0,0,0,0,0
abrirá,0,0,0,0,0
abrió,0,0,0,0,0
abrogarnos,0,0,0,0,0
abstuvo,0,0,0,0,0
abundar,0,0,0,0,0
abundó,0,0,0,0,0
abusados,0,0,0,0,0
abusar,0,0,0,0,0
abuso,0,0,0,0,0
abusos,0,0,0,0,0
acabaron,0,0,0,0,0
acabe,0,0,0,0,0
acallar,0,0,0,0,0
acampaban,0,0,0,0,0
acaparamiento,0,0,0,0,0
acatitla,0,0,0,0,0
acceso,0,0,0,0,0
accesos,0,0,0,0,0
accidente,0,0,0,0,0
acciones,0,0,0,0,0
acción,0,0,0,0,0
aceptación,0,0,0,0,0
aceptar,0,0,0,0,0
aceptaría,0,0,0,0,0
aceptó,0,0,0,0,0
acercamiento,0,0,0,0,0
acercando,0,0,0,0,0
acercó,0,0,0,0,0
achicar,0,0,0,0,0
aclarar,0,0,0,0,0
aclaratoria,0,0,0,0,0
aclaró,0,0,0,0,0
acoge,0,0,0,0,0
acompañado,0,0,0,0,0
acompañados,0,0,0,0,0
acompañó,0,0,0,0,0
aconteciendo,0,0,0,0,0
acontecimientos,0,0,0,0,0
acopiar,0,0,0,0,0
acordaron,0,0,0,0,0
acordó,0,0,0,0,0
acoso,0,0,0,0,0
acotó,0,0,0,0,0
actividad,0,0,0,0,0
actividades,0,0,0,0,0
activistas,0,0,0,0,0
activos,0,0,0,0,0
acto,0,0,0,0,0
actores,0,0,0,0,0
actos,0,0,0,0,0
actuación,0,0,0,0,0
actual,0,0,0,0,0
actuales,0,0,0,0,0
actualidad,0,0,0,0,0
actualmente,0,0,0,0,0
actuaron,0,0,0,0,0
acudieron,0,0,0,0,0
acuerdo,0,0,0,0,0
acusa,0,0,0,0,0
acusaciones,0,0,0,0,0
acusación,0,0,0,0,0
acusada,0,0,0,0,0
acusado,0,0,0,0,0
acusados,0,0,0,0,0
adame,0,0,0,0,0
adelantado,0,0,0,0,0
adelantar,0,0,0,0,0
adelante,0,0,0,0,0
adelantó,0,0,0,0,0
además,0,0,0,0,0
adherirse,0,0,0,0,0
adhesión,0,0,0,0,0
adicional,0,0,0,0,0
adicionales,0,0,0,0,0
adición,0,0,0,0,0
adjunto,0,0,0,0,0
administración,0,0,0,0,0
administrativa,0,0,0,0,0
administrativo,0,0,0,0,0
admisión,0,0,0,0,0
adolescente,0,0,0,0,0
adopción,0,0,0,0,0
adoptado,0,0,0,0,0
adquirido,0,0,0,0,0
adquirieron,0,0,0,0,0
adquiría,0,0,0,0,0
aduanas,0,0,0,0,0
adultos,0,0,0,0,0
adversa,0,0,0,0,0
advertido,0,0,0,0,0
advierte,0,0,0,0,0
advirtió,0,0,0,0,0
aei,0,0,0,0,0
aeronave,0,0,0,0,0
afecta,0,0,0,0,0
afectación,0,0,0,0,0
afectadas,0,0,0,0,0
afectados,0,0,0,0,0
afectar,0,0,0,0,0
afectarán,0,0,0,0,0
afecte,0,0,0,0,0
afernando,0,0,0,0,0
afiliadas,0,0,0,0,0
afiliado,0,0,0,0,0
afirma,0,0,0,0,0
afirmaciones,0,0,0,0,0
afirmado,0,0,0,0,0
afirmaricardo,0,0,0,0,0
afirmaron,0,0,0,0,0
afirmó,0,0,0,0,0
afuera,0,0,0,0,0
agallas,0,0,0,0,0
agencia,0,0,0,0,0
agencias,0,0,0,0,0
agenda,0,0,0,0,0
agente,0,0,0,0,0
agentes,0,0,0,0,0
agosto,0,0,0,0,0
agotar,0,0,0,0,0
agravante,0,0,0,0,0
agravantes,0,0,0,0,0
agrede,0,0,0,0,0
agrega,0,0,0,0,0
agregó,0,0,0,0,0
agresiones,0,0,0,0,0
agua,0,0,0,0,0
aguilar,0,0,0,0,0
ahora,0,0,0,0,0
ahorrar,0,0,0,0,0
ahorro,0,0,0,0,0
ahí,0,0,0,0,0
airlines,0,0,0,0,0
aislamiento,0,0,0,0,0
ajustan,0,0,0,0,0
aksionov,0,0,0,0,0
aksyonov,0,0,0,0,0
alcalde,0,0,0,0,0
alcaldía,0,0,0,0,0
alcance,0,0,0,0,0
alcances,0,0,0,0,0
alcanzar,0,0,0,0,0
alcanzó,0,0,0,0,0
alegan,0,0,0,0,0
aleppo,0,0,0,0,0
alexei,0,0,0,0,0
alfonso,0,0,0,0,0
alfredo,0,0,0,0,0
alguien,0,0,0,0,0
alguna,0,0,0,0,0
algún,0,0,0,0,0
alianza,0,0,0,0,0
alias,0,0,0,0,0
alimentaban,0,0,0,0,0
alimentos,0,0,0,0,0
allanamiento,0,0,0,0,0
allí,0,0,0,0,0
alrededor,0,0,0,0,0
alstom,0,0,0,0,0
altamente,0,0,0,0,0
alteración,0,0,0,0,0
alto,0,0,0,0,0
altos,0,0,0,0,0
alzas,0,0,0,0,0
ambas,0,0,0,0,0
ambiente,0,0,0,0,0
ambos,0,0,0,0,0
amenacen,0,0,0,0,0
amenaza,0,0,0,0,0
amenazar,0,0,0,0,0
amenazas,0,0,0,0,0
americano,0,0,0,0,0
americanos,0,0,0,0,0
amigos,0,0,0,0,0
amplia,0,0,0,0,0
ampliado,0,0,0,0,0
ampliando,0,0,0,0,0
ampliar,0,0,0,0,0
ampliarse,0,0,0,0,0
amplio,0,0,0,0,0
amplía,0,0,0,0,0
amsa,0,0,0,0,0
américa,0,0,0,0,0
analista,0,0,0,0,0
analiza,0,0,0,0,0
analizan,0,0,0,0,0
analizar,0,0,0,0,0
ancestral,0,0,0,0,0
ancheng,0,0,0,0,0
anderson,0,0,0,0,0
andiola,0,0,0,0,0
andrei,0,0,0,0,0
anexionarse,0,0,0,0,0
anexión,0,0,0,0,0
angeles,0,0,0,0,0
angulo,0,0,0,0,0
animales,0,0,0,0,0
animanaturalis,0,0,0,0,0
anoche,0,0,0,0,0
anonimato,0,0,0,0,0
antecedente,0,0,0,0,0
antecesor,0,0,0,0,0
anteproyecto,0,0,0,0,0
anterior,0,0,0,0,0
anterioridad,0,0,0,0,0
anteriormente,0,0,0,0,0
anticonstitucional,0,0,0,0,0
antiguo,0,0,0,0,0
antipiratería,0,0,0,0,0
antonio,0,0,0,0,0
anual,0,0,0,0,0
anuales,0,0,0,0,0
anuncia,0,0,0,0,0
anunciaron,0,0,0,0,0
anuncio,0,0,0,0,0
anuncios,0,0,0,0,0
anunció,0,0,0,0,0
análisis,0,0,0,0,0
aparatos,0,0,0,0,0
aparecieron,0,0,0,0,0
aparentemente,0,0,0,0,0
aparición,0,0,0,0,0
apatzingán,0,0,0,0,0
apegada,0,0,0,0,0
apertura,0,0,0,0,0
aplicación,0,0,0,0,0
aplicada,0,0,0,0,0
aplicar,0,0,0,0,0
aplicará,0,0,0,0,0
aplicarán,0,0,0,0,0
apodaca,0,0,0,0,0
aportaciones,0,0,0,0,0
aportación,0,0,0,0,0
aportan,0,0,0,0,0
aportará,0,0,0,0,0
aportó,0,0,0,0,0
apoya,0,0,0,0,0
apoyar,0,0,0,0,0
apoyen,0,0,0,0,0
apoyo,0,0,0,0,0
apoyos,0,0,0,0,0
apreciamos,0,0,0,0,0
aprehensión,0,0,0,0,0
aprobación,0,0,0,0,0
aprobada,0,0,0,0,0
aprobadas,0,0,0,0,0
aprobado,0,0,0,0,0
aprobados,0,0,0,0,0
aprobar,0,0,0,0,0
aprobaron,0,0,0,0,0
aprobó,0,0,0,0,0
aprovechar,0,0,0,0,0
aprueba,0,0,0,0,0
apruebe,0,0,0,0,0
apuestan,0,0,0,0,0
apunta,0,0,0,0,0
apuntó,0,0,0,0,0
apóstol,0,0,0,0,0
aquel,0,0,0,0,0
aquellos,0,0,0,0,0
aquí,0,0,0,0,0
arancelario,0,0,0,0,0
aranceles,0,0,0,0,0
archivos,0,0,0,0,0
archivosfísicos,0,0,0,0,0
arena,0,0,0,0,0
argentina,0,0,0,0,0
argumento,0,0,0,0,0
argumentos,0,0,0,0,0
argumentó,0,0,0,0,0
aristegui,0,0,0,0,0
aritegui,0,0,0,0,0
arizona,0,0,0,0,0
arma,0,0,0,0,0
armada,0,0,0,0,0
armados,0,0,0,0,0
armará,0,0,0,0,0
aroma,0,0,0,0,0
arquidiócesis,0,0,0,0,0
arrepentimiento,0,0,0,0,0
arrestados,0,0,0,0,0
arrestan,0,0,0,0,0
arrestó,0,0,0,0,0
arroyo,0,0,0,0,0
arseni,0,0,0,0,0
arseniy,0,0,0,0,0
artz,0,0,0,0,0
artículo,0,0,0,0,0
artículos,0,0,0,0,0
arzobispo,0,0,0,0,0
arzt,0,0,0,0,0
asalto,0,0,0,0,0
asamblea,0,0,0,0,0
asambleísta,0,0,0,0,0
ascendieron,0,0,0,0,0
asciende,0,0,0,0,0
asegura,0,0,0,0,0
aseguramiento,0,0,0,0,0
aseguran,0,0,0,0,0
asegurar,0,0,0,0,0
asegurarse,0,0,0,0,0
aseguren,0,0,0,0,0
aseguró,0,0,0,0,0
asentada,0,0,0,0,0
asesinadas,0,0,0,0,0
asesinado,0,0,0,0,0
asesinados,0,0,0,0,0
asesinato,0,0,0,0,0
asesinatos,0,0,0,0,0
asesino,0,0,0,0,0
asesor,0,0,0,0,0
asesores,0,0,0,0,0
aseveró,0,0,0,0,0
asia,0,0,0,0,0
asignadas,0,0,0,0,0
asimismo,0,0,0,0,0
asistente,0,0,0,0,0
asociación,0,0,0,0,0
asociada,0,0,0,0,0
asociados,0,0,0,0,0
aspectos,0,0,0,0,0
aspiren,0,0,0,0,0
asunto,0,0,0,0,0
asuntos,0,0,0,0,0
así,0,0,0,0,0
atacada,0,0,0,0,0
atacados,0,0,0,0,0
ataque,0,0,0,0,0
ataques,0,0,0,0,0
atención,0,0,0,0,0
atender,0,0,0,0,0
atenten,0,0,0,0,0
atlántico,0,0,0,0,0
atraiga,0,0,0,0,0
atrajo,0,0,0,0,0
atrás,0,0,0,0,0
atípicas,0,0,0,0,0
audacia,0,0,0,0,0
audiovisual,0,0,0,0,0
auge,0,0,0,0,0
aula,0,0,0,0,0
aumentaría,0,0,0,0,0
aumento,0,0,0,0,0
aunque,0,0,0,0,0
ausentó,0,0,0,0,0
australia,0,0,0,0,0
australian,0,0,0,0,0
australiana,0,0,0,0,0
australianas,0,0,0,0,0
australiano,0,0,0,0,0
austrohúngaro,0,0,0,0,0
auto,0,0,0,0,0
autodefensa,0,0,0,0,0
autodefensas,0,0,0,0,0
automáticamente,0,0,0,0,0
autonomía,0,0,0,0,0
autopista,0,0,0,0,0
autor,0,0,0,0,0
autoridad,0,0,0,0,0
autoridades,0,0,0,0,0
autorización,0,0,0,0,0
autorizada,0,0,0,0,0
autorizadas,0,0,0,0,0
autorizó,0,0,0,0,0
autónoma,0,0,0,0,0
autónomo,0,0,0,0,0
avances,0,0,0,0,0
avanzando,0,0,0,0,0
avanzar,0,0,0,0,0
avenida,0,0,0,0,0
aves,0,0,0,0,0
aviación,0,0,0,0,0
aviones,0,0,0,0,0
avión,0,0,0,0,0
avladimir,0,0,0,0,0
ayer,0,0,0,0,0
ayerserán,0,0,0,0,0
ayuda,0,0,0,0,0
ayudando,0,0,0,0,0
ayudar,0,0,0,0,0
ayuno,0,0,0,0,0
ayuntamiento,0,0,0,0,0
azano,0,0,0,0,0
azov,0,0,0,0,0
azteca,0,0,0,0,0
aérea,0,0,0,0,0
aéreo,0,0,0,0,0
añadió,0,0,0,0,0
año,0,0,0,0,0
años,0,0,0,0,0
aún,0,0,0,0,0
back,0,0,0,0,0
baja,0,0,0,0,0
bajar,0,0,0,0,0
bajaría,0,0,0,0,0
bajas,0,0,0,0,0
bajo,0,0,0,0,0
ban,0,0,0,0,0
bancada,0,0,0,0,0
bancarias,0,0,0,0,0
bancos,0,0,0,0,0
bandas,0,0,0,0,0
bandera,0,0,0,0,0
banderas,0,0,0,0,0
bando,0,0,0,0,0
barack,0,0,0,0,0
barcos,0,0,0,0,0
barradas,0,0,0,0,0
barrios,0,0,0,0,0
basada,0,0,0,0,0
base,0,0,0,0,0
bases,0,0,0,0,0
bastante,0,0,0,0,0
bastón,0,0,0,0,0
basura,0,0,0,0,0
batalla,0,0,0,0,0
bc,0,0,0,0,0
beatriz,0,0,0,0,0
bebés,0,0,0,0,0
bello,0,0,0,0,0
benedicto,0,0,0,0,0
beneficiado,0,0,0,0,0
beneficiarios,0,0,0,0,0
beneficiarse,0,0,0,0,0
beneficio,0,0,0,0,0
beneplácito,0,0,0,0,0
bernal,0,0,0,0,0
biden,0,0,0,0,0
bien,0,0,0,0,0
bienes,0,0,0,0,0
bienestar,0,0,0,0,0
bifurcación,0,0,0,0,0
bilateral,0,0,0,0,0
bilaterales,0,0,0,0,0
bipartita,0,0,0,0,0
bishop,0,0,0,0,0
blanca,0,0,0,0,0
bloquear,0,0,0,0,0
bob,0,0,0,0,0
bogdanov,0,0,0,0,0
bolivariana,0,0,0,0,0
bolivariano,0,0,0,0,0
bonnie,0,0,0,0,0
borda,0,0,0,0,0
borde,0,0,0,0,0
bordo,0,0,0,0,0
borrador,0,0,0,0,0
borradores,0,0,0,0,0
botín,0,0,0,0,0
brasil,0,0,0,0,0
breve,0,0,0,0,0
brindar,0,0,0,0,0
brinden,0,0,0,0,0
broadcasting,0,0,0,0,0
bruselas,0,0,0,0,0
buen,0,0,0,0,0
burdas,0,0,0,0,0
burocracia,0,0,0,0,0
busca,0,0,0,0,0
buscado,0,0,0,0,0
buscamos,0,0,0,0,0
buscan,0,0,0,0,0
buscando,0,0,0,0,0
buscar,0,0,0,0,0
buscaría,0,0,0,0,0
bush,0,0,0,0,0
busquen,0,0,0,0,0
bálticos,0,0,0,0,0
bélicas,0,0,0,0,0
bélico,0,0,0,0,0
búsqueda,0,0,0,0,0
c,0,0,0,0,0
cabal,0,0,0,0,0
caballeros,0,0,0,0,0
cabello,0,0,0,0,0
cabeza,0,0,0,0,0
cabildo,0,0,0,0,0
cable,0,0,0,0,0
cables,0,0,0,0,0
cabo,0,0,0,0,0
cada,0,0,0,0,0
cadena,0,0,0,0,0
cadáver,0,0,0,0,0
calamidad,0,0,0,0,0
calderón,0,0,0,0,0
calidad,0,0,0,0,0
caliente,0,0,0,0,0
calificó,0,0,0,0,0
california,0,0,0,0,0
calle,0,0,0,0,0
calles,0,0,0,0,0
cambiar,0,0,0,0,0
cambio,0,0,0,0,0
cambios,0,0,0,0,0
camino,0,0,0,0,0
caminos,0,0,0,0,0
campamento,0,0,0,0,0
campaña,0,0,0,0,0
campañas,0,0,0,0,0
campo,0,0,0,0,0
campos,0,0,0,0,0
campus,0,0,0,0,0
canacope,0,0,0,0,0
canadá,0,0,0,0,0
canal,0,0,0,0,0
cancelación,0,0,0,0,0
cancelar,0,0,0,0,0
cancelaron,0,0,0,0,0
candidato,0,0,0,0,0
candidatos,0,0,0,0,0
canitec,0,0,0,0,0
cantidad,0,0,0,0,0
capacidad,0,0,0,0,0
capacitaciones,0,0,0,0,0
capital,0,0,0,0,0
capitalina,0,0,0,0,0
capitalino,0,0,0,0,0
capitalistas,0,0,0,0,0
capitán,0,0,0,0,0
captura,0,0,0,0,0
capturado,0,0,0,0,0
capítulo,0,0,0,0,0
capítulos,0,0,0,0,0
cara,0,0,0,0,0
carabobo,0,0,0,0,0
caracas,0,0,0,0,0
caracterizados,0,0,0,0,0
cardenal,0,0,0,0,0
cargo,0,0,0,0,0
cargos,0,0,0,0,0
carlos,0,0,0,0,0
carmen,0,0,0,0,0
caro,0,0,0,0,0
carso,0,0,0,0,0
carta,0,0,0,0,0
cartas,0,0,0,0,0
carteles,0,0,0,0,0
carácter,0,0,0,0,0
casa,0,0,0,0,0
casan,0,0,0,0,0
casas,0,0,0,0,0
casi,0,0,0,0,0
caso,0,0,0,0,0
casos,0,0,0,0,0
castellanos,0,0,0,0,0
castelló,0,0,0,0,0
castigo,0,0,0,0,0
castigos,0,0,0,0,0
castigue,0,0,0,0,0
castillejos,0,0,0,0,0
castillo,0,0,0,0,0
castro,0,0,0,0,0
casual,0,0,0,0,0
cataluña,0,0,0,0,0
categórica,0,0,0,0,0
catálogo,0,0,0,0,0
católica,0,0,0,0,0
causa,0,0,0,0,0
causales,0,0,0,0,0
causas,0,0,0,0,0
cautiverio,0,0,0,0,0
celebración,0,0,0,0,0
celebrado,0,0,0,0,0
celebrará,0,0,0,0,0
celos,0,0,0,0,0
cena,0,0,0,0,0
cenar,0,0,0,0,0
censura,0,0,0,0,0
centavos,0,0,0,0,0
centenar,0,0,0,0,0
center,0,0,0,0,0
central,0,0,0,0,0
centran,0,0,0,0,0
centro,0,0,0,0,0
centros,0,0,0,0,0
cerca,0,0,0,0,0
cercano,0,0,0,0,0
cercanos,0,0,0,0,0
ceremonia,0,0,0,0,0
cereso,0,0,0,0,0
cero,0,0,0,0,0
cerrada,0,0,0,0,0
cerrar,0,0,0,0,0
cerró,0,0,0,0,0
certeza,0,0,0,0,0
cervantes,0,0,0,0,0
cerén,0,0,0,0,0
cesar,0,0,0,0,0
chali,0,0,0,0,0
chapo,0,0,0,1.0,0
chase,0,0,0,0,0
chayo,0,0,0,0,0
chesnia,0,0,0,0,0
chico,0,0,0,0,0
chihuahua,0,0,0,0,0
china,0,0,0,0,0
chinas,0,0,0,0,0
chino,0,0,0,0,0
chipre,0,0,0,0,0
choque,0,0,0,0,0
chávez,0,0,0,0,0
cibarcafés,0,0,0,0,0
ciberespacio,0,0,0,0,0
cibernética,0,0,0,0,0
cien,0,0,0,0,0
ciento,0,0,0,0,0
cientos,0,0,0,0,0
cierta,0,0,0,0,0
cierto,0,0,0,0,0
cifra,0,0,0,0,0
cifras,0,0,0,0,0
cinco,0,0,0,0,0
cintia,0,0,0,0,0
circenses,0,0,0,0,0
circo,0,0,0,0,0
circos,0,0,0,0,0
circosinanimalesdf,0,0,0,0,0
circulado,0,0,0,0,0
circulan,0,0,0,0,0
circular,0,0,0,0,0
circunstancia,0,0,0,0,0
circunstancias,0,0,0,0,0
ciriaco,0,0,0,0,0
cirqueros,0,0,0,0,0
cisen,0,0,0,0,0
cita,0,0,0,0,0
citada,0,0,0,0,0
citado,0,0,0,0,0
citó,0,0,0,0,0
ciudad,0,0,0,0,0
ciudadano,0,0,0,0,0
ciudadanos,0,0,0,0,0
ciudadanía,0,0,0,0,0
ciudades,0,0,0,0,0
civil,0,0,0,0,0
civiles,0,0,0,0,0
civilizada,0,0,0,0,0
clandestinidad,0,0,0,0,0
clara,0,0,0,0,0
claro,0,0,0,0,0
clase,0,0,0,0,0
clerical,0,0,0,0,0
clientes,0,0,0,0,0
clérigos,0,0,0,0,0
cnn,0,0,0,0,0
co,0,0,0,0,0
coaliciones,0,0,0,0,0
cobarde,0,0,0,0,0
cobardía,0,0,0,0,0
coberturas,0,0,0,0,0
cocaína,0,0,0,0,0
cofece,0,0,0,0,0
coinciden,0,0,0,0,0
coincidieron,0,0,0,0,0
colaboración,0,0,0,0,0
colaboran,0,0,0,0,0
colaborar,0,0,0,0,0
colaboraron,0,0,0,0,0
colectivo,0,0,0,0,0
colocaría,0,0,0,0,0
colonia,0,0,0,0,0
combate,0,0,0,0,0
combatientes,0,0,0,0,0
combatir,0,0,0,0,0
comento,0,0,0,0,0
comentó,0,0,0,0,0
comenzaron,0,0,0,0,0
comenzaría,0,0,0,0,0
comenzó,0,0,0,0,0
comer,0,0,0,0,0
comercial,0,0,0,0,0
comerciales,0,0,0,0,0
comercialización,0,0,0,0,0
comercializadores,0,0,0,0,0
comerciante,0,0,0,0,0
comercio,0,0,0,0,0
comerse,0,0,0,0,0
cometidas,0,0,0,0,0
cometidos,0,0,0,0,0
comida,0,0,0,0,0
comiencen,0,0,0,0,0
comisionada,0,0,0,0,0
comisionado,0,0,0,0,0
comisionados,0,0,0,0,0
comisiones,0,0,0,0,0
comisión,0,0,0,0,0
comité,0,0,0,0,0
comités,0,0,0,0,0
comparación,0,0,0,0,0
comparadas,0,0,0,0,0
comparecencia,0,0,0,0,0
comparecer,0,0,0,0,0
comparó,0,0,0,0,0
compañero,0,0,0,0,0
compañía,0,0,0,0,0
compañías,0,0,0,0,0
competencia,0,0,0,0,0
competentes,0,0,0,0,0
competidores,0,0,0,0,0
compitió,0,0,0,0,0
complejidad,0,0,0,0,0
complejo,0,0,0,0,0
completas,0,0,0,0,0
complicado,0,0,0,0,0
compradores,0,0,0,0,0
comprados,0,0,0,0,0
compran,0,0,0,0,0
comprar,0,0,0,0,0
comprender,0,0,0,0,0
compromiso,0,0,0,0,0
compromisos,0,0,0,0,0
compró,0,0,0,0,0
computadora,0,0,0,0,0
comunicaciones,0,0,0,0,0
comunicación,0,0,0,0,0
comunicada,0,0,0,0,0
comunicado,0,0,0,0,0
comunicarse,0,0,0,0,0
comunidad,0,0,0,0,0
comunitario,0,0,0,0,0
comían,0,0,0,0,0
común,0,0,0,0,0
conapred,0,0,0,0,0
concede,0,0,0,0,0
concentración,0,0,0,0,0
concentrados,0,0,0,0,0
concesionarios,0,0,0,0,0
concesiones,0,0,0,0,0
concesión,0,0,0,0,0
conciencia,0,0,0,0,0
concluidas,0,0,0,0,0
concluirla,0,0,0,0,0
conclusiones,0,0,0,0,0
concluyó,0,0,0,0,0
concretamente,0,0,0,0,0
concretar,0,0,0,0,0
concurrieron,0,0,0,0,0
condado,0,0,0,0,0
condenado,0,0,0,0,0
condiciona,0,0,0,0,0
condicionada,0,0,0,0,0
condiciones,0,0,0,0,0
condición,0,0,0,0,0
conduciría,0,0,0,0,0
conducta,0,0,0,0,0
conductas,0,0,0,0,0
condusef,0,0,0,0,0
conectarse,0,0,0,0,0
conectividad,0,0,0,0,0
conectó,0,0,0,0,0
conexiones,0,0,0,0,0
conexión,0,0,0,0,0
conferencia,0,0,0,0,0
conferencias,0,0,0,0,0
confernández,0,0,0,0,0
confesaron,0,0,0,0,0
confiando,0,0,0,0,0
confianza,0,0,0,0,0
confidenciales,0,0,0,0,0
confirmado,0,0,0,0,0
confirmar,0,0,0,0,0
confirmó,0,0,0,0,0
conflicto,0,0,0,0,0
conflictos,0,0,0,0,0
conforme,0,0,0,0,0
conformidad,0,0,0,0,0
confrontación,0,0,0,0,0
confundir,0,0,0,0,0
congelación,0,0,0,0,0
congelamiento,0,0,0,0,0
congelaron,0,0,0,0,0
congele,0,0,0,0,0
congeló,0,0,0,0,0
congregación,0,0,0,0,0
congregaron,0,0,0,0,0
congreso,0,0,0,0,0
congresos,0,0,0,0,0
congruencia,0,0,0,0,0
conió,0,0,0,0,0
conjunta,0,0,0,0,0
conoce,0,0,0,0,0
conocemos,0,0,0,0,0
conocer,0,0,0,0,0
conocida,0,0,0,0,0
conocido,0,0,0,0,0
conocían,0,0,0,0,0
conquista,0,0,0,0,0
consagra,0,0,0,0,0
consciente,0,0,0,0,0
conscientes,0,0,0,0,0
consecuencias,0,0,0,0,0
conseguido,0,0,0,0,0
consejero,0,0,0,0,0
consejo,0,0,0,0,0
consenso,0,0,0,0,0
considera,0,0,0,0,0
consideración,0,0,0,0,0
considerado,0,0,0,0,0
consideramos,0,0,0,0,0
considerar,0,0,0,0,0
consideraron,0,0,0,0,0
consideraría,0,0,0,0,0
considerábamos,0,0,0,0,0
consideró,0,0,0,0,0
consignación,0,0,0,0,0
consignarla,0,0,0,0,0
consistorio,0,0,0,0,0
consolas,0,0,0,0,0
consta,0,0,0,0,0
constaba,0,0,0,0,0
constantemente,0,0,0,0,0
constitucional,0,0,0,0,0
constitucionales,0,0,0,0,0
constitucionalidad,0,0,0,0,0
constitución,0,0,0,0,0
constituye,0,0,0,0,0
constituyen,0,0,0,0,0
construido,0,0,0,0,0
construir,0,0,0,0,0
consulta,0,0,0,0,0
consultados,0,0,0,0,0
consultó,0,0,0,0,0
contacto,0,0,0,0,0
contactos,0,0,0,0,0
contempla,0,0,0,0,0
contemplan,0,0,0,0,0
contenido,0,0,0,0,0
contenidos,0,0,0,0,0
contestó,0,0,0,0,0
contexto,0,0,0,0,0
continuación,0,0,0,0,0
continuar,0,0,0,0,0
continuará,0,0,0,0,0
continúa,0,0,0,0,0
continúan,0,0,0,0,0
contrabando,0,0,0,0,0
contraloría,0,0,0,0,0
contransportación,0,0,0,0,0
contrario,0,0,0,0,0
contrarrestar,0,0,0,0,0
contraste,0,0,0,0,0
contratación,0,0,0,0,0
contratado,0,0,0,0,0
contratista,0,0,0,0,0
contrato,0,0,0,0,0
contratos,0,0,0,0,0
contrató,0,0,0,0,0
contribuido,0,0,0,0,0
contribuya,0,0,0,0,0
control,0,0,0,0,0
controlar,0,0,0,0,0
controle,0,0,0,0,0
convencidos,0,0,0,0,0
conveniente,0,0,0,0,0
convenio,0,0,0,0,0
conversaciones,0,0,0,0,0
conversación,0,0,0,0,0
convertido,0,0,0,0,0
convertirse,0,0,0,0,0
convierten,0,0,0,0,0
convirtió,0,0,0,0,0
convivencia,0,0,0,0,0
convivir,0,0,0,0,0
convocar,0,0,0,0,0
convocaron,0,0,0,0,0
cooperación,0,0,0,0,0
cooperar,0,0,0,0,0
coordinación,0,0,0,0,0
coordinador,0,0,0,0,0
coordinando,0,0,0,0,0
coordinó,0,0,0,0,0
coparticipación,0,0,0,0,0
coparticipado,0,0,0,0,0
corazones,0,0,0,0,0
corazón,0,0,0,0,0
cork,0,0,0,0,0
corporación,0,0,0,0,0
corporation,0,0,0,0,0
corral,0,0,0,0,0
correlaciones,0,0,0,0,0
correo,0,0,0,0,0
correos,0,0,0,0,0
corriendo,0,0,0,0,0
corriere,0,0,0,0,0
corroboran,0,0,0,0,0
corrupción,0,0,0,0,0
corta,0,0,0,0,0
cortas,0,0,0,0,0
corte,0,0,0,0,0
cosa,0,0,0,0,0
cosas,0,0,0,0,0
cosecha,0,0,0,0,0
costa,0,0,0,0,0
costanzo,0,0,0,0,0
costas,0,0,0,0,0
crea,0,0,0,0,0
creación,0,0,0,0,0
creada,0,0,0,0,0
creando,0,0,0,0,0
crear,0,0,0,0,0
crearon,0,0,0,0,0
crearse,0,0,0,0,0
crecido,0,0,0,0,0
crecimiento,0,0,0,0,0
crediticia,0,0,0,0,0
creen,0,0,0,0,0
creo,0,0,0,0,0
creíble,0,0,0,0,0
crimea,0,0,0,0,0
crimen,0,0,0,0,0
crimeo,0,0,0,0,0
criminal,0,0,0,0,0
criminales,0,0,0,0,0
crisis,0,0,0,0,0
crispado,0,0,0,0,0
cristo,0,0,0,0,0
criterio,0,0,0,0,0
criterios,0,0,0,0,0
criticó,0,0,0,0,0
cruce,0,0,0,0,0
cruciales,0,0,0,0,0
cruz,0,0,0,0,0
cruzada,0,0,0,0,0
cruzan,0,0,0,0,0
crédito,0,0,0,0,0
crímenes,0,0,0,0,0
cuadras,0,0,0,0,0
cuales,0,0,0,0,0
cualquier,0,0,0,0,0
cuarta,0,0,0,0,0
cuartel,0,0,0,0,0
cuarto,0,0,0,0,0
cuatro,0,0,0,0,0
cuba,0,0,0,0,0
cubadebate,0,0,0,0,0
cuc,0,0,0,0,0
cuenta,0,0,0,0,0
cuentas,0,0,0,0,0
cuente,0,0,0,0,0
cuerpo,0,0,0,0,0
cuestionamientos,0,0,0,0,0
cuestionamos,0,0,0,0,0
cuestiones,0,0,0,0,0
cuestionó,0,0,0,0,0
cuestión,0,0,0,0,0
cuidar,0,0,0,0,0
culpabilidad,0,0,0,0,0
culpable,0,0,0,0,0
cumbre,0,0,0,0,0
cumplan,0,0,0,0,0
cumple,0,0,0,0,0
cumplen,0,0,0,0,0
cumpliendo,0,0,0,0,0
cumplimiento,0,0,0,0,0
cumplirse,0,0,0,0,0
cumplió,0,0,0,0,0
cupo,0,0,0,0,0
cuya,0,0,0,0,0
cuyas,0,0,0,0,0
cuyo,0,0,0,0,0
cuyos,0,0,0,0,0
cuál,0,0,0,0,0
cuándo,0,0,0,0,0
cámara,0,0,0,0,0
cámaras,0,0,0,0,0
cárcel,0,0,0,0,0
cártel,0,0,0,0,0
cáscara,0,0,0,0,0
cítrico,0,0,0,0,0
código,0,0,0,0,0
cómo,0,0,0,0,0
cómplices,0,0,0,0,0
d,0,0,0,0,0
da,0,0,0,0,0
dada,0,0,0,0,0
dado,0,0,0,0,0
dafne,0,0,0,0,0
damos,0,0,0,0,0
dando,0,0,0,0,0
dar,0,0,0,0,0
darle,0,0,0,0,0
datos,0,0,0,0,0
david,0,0,0,0,0
day,0,0,0,0,0
daño,0,0,0,0,0
dc,0,0,0,0,0
deacusaciones,0,0,0,0,0
debate,0,0,0,0,0
debe,0,0,0,0,0
deben,0,0,0,0,0
deber,0,0,0,0,0
deberán,0,0,0,0,0
debería,0,0,0,0,0
deberían,0,0,0,0,0
debido,0,0,0,0,0
debilitado,0,0,0,0,0
debilitamiento,0,0,0,0,0
decidida,0,0,0,0,0
decidió,0,0,0,0,0
decimos,0,0,0,0,0
decir,0,0,0,0,0
decirle,0,0,0,0,0
decisión,0,0,0,0,0
declara,0,0,0,0,0
declaraciones,0,0,0,0,0
declaración,0,0,0,0,0
declarada,0,0,0,0,0
declarado,0,0,0,0,0
declarados,0,0,0,0,0
declarar,0,0,0,0,0
declaró,0,0,0,0,0
decreto,0,0,0,0,0
decrimea,0,0,0,0,0
decía,0,0,0,0,0
dedicaban,0,0,0,0,0
dedicadas,0,0,0,0,0
dedican,0,0,0,0,0
defendió,0,0,0,0,0
defensa,0,0,0,0,0
defensor,0,0,0,0,0
defensoras,0,0,0,0,0
defensoría,0,0,0,0,0
deficiencias,0,0,0,0,0
defiende,0,0,0,0,0
defina,0,0,0,0,0
definición,0,0,0,0,0
definitivo,0,0,0,0,0
dejado,0,0,0,0,0
dejan,0,0,0,0,0
dejando,0,0,0,0,0
dejar,0,0,0,0,0
dejara,0,0,0,0,0
dejarla,0,0,0,0,0
dejarlo,0,0,0,0,0
deje,0,0,0,0,0
dejen,0,0,0,0,0
delante,0,0,0,0,0
delatado,0,0,0,0,0
deliberadamente,0,0,0,0,0
delicado,0,0,0,0,0
delicados,0,0,0,0,0
delimitación,0,0,0,0,0
delincuencia,0,0,0,0,0
delincuentes,0,0,0,0,0
delito,0,0,0,0,0
delitos,0,0,0,0,0
della,0,0,0,0,0
demanda,0,0,0,0,0
demandada,0,0,0,0,0
demandas,0,0,0,0,0
demandó,0,0,0,0,0
demasiado,0,0,0,0,0
democrática,0,0,0,0,0
democráticas,0,0,0,0,0
democrático,0,0,0,0,0
demovimiento,0,0,0,0,0
demócratas,0,0,0,0,0
dentro,0,0,0,0,0
denuncia,0,0,0,0,0
denunció,0,0,0,0,0
dependencia,0,0,0,0,0
depender,0,0,0,0,0
deportaciones,0,0,0,0,0
depositados,0,0,0,0,0
depuesto,0,0,0,0,0
derecha,0,0,0,0,0
derecho,0,0,0,0,0
derechos,0,0,0,0,0
derivaron,0,0,0,0,0
derrocado,0,0,0,0,0
desacerdotes,0,0,0,0,0
desahogará,0,0,0,0,0
desaparecida,0,0,0,0,0
desaparecido,0,0,0,0,0
desaparecidos,0,0,0,0,0
desapareció,0,0,0,0,0
desapariciones,0,0,0,0,0
desaparición,0,0,0,0,0
desarrollar,0,0,0,0,0
desarrollo,0,0,0,0,0
desarticularon,0,0,0,0,0
desbordarse,0,0,0,0,0
descartada,0,0,0,0,0
descartamos,0,0,0,0,0
descartan,0,0,0,0,0
descenso,0,0,0,0,0
desclasificados,0,0,0,0,0
desconocer,0,0,0,0,0
describió,0,0,0,0,0
desean,0,0,0,0,0
desempeñaba,0,0,0,0,0
desempeño,0,0,0,0,0
desempleo,0,0,0,0,0
desesperado,0,0,0,0,0
desesperanza,0,0,0,0,0
desinforma,0,0,0,0,0
desmintió,0,0,0,0,0
desocupación,0,0,0,0,0
despertó,0,0,0,0,0
desplazadas,0,0,0,0,0
desplegados,0,0,0,0,0
desplegando,0,0,0,0,0
despliegue,0,0,0,0,0
despliegues,0,0,0,0,0
después,0,0,0,0,0
destaca,0,0,0,0,0
destacan,0,0,0,0,0
destacó,0,0,0,0,0
destitución,0,0,0,0,0
destituye,0,0,0,0,0
desviada,0,0,0,0,0
detalla,0,0,0,0,0
detallado,0,0,0,0,0
detalles,0,0,0,0,0
detalló,0,0,0,0,0
detectados,0,0,0,0,0
detectaron,0,0,0,0,0
detención,0,0,0,0,0
detendría,0,0,0,0,0
detener,0,0,0,0,0
detenida,0,0,0,0,0
detenidas,0,0,0,0,0
detenido,0,0,0,0,0
detenidos,0,0,0,0,0
determinado,0,0,0,0,0
determinados,0,0,0,0,0
determinante,0,0,0,0,0
determinar,0,0,0,0,0
determinó,0,0,0,0,0
detiene,0,0,0,0,0
detienen,0,0,0,0,0
detuvieron,0,0,0,0,0
df,0,0,0,0,0
dgti,0,0,0,0,0
di,0,0,0,0,0
dialogó,0,0,0,0,0
diario,0,0,0,0,0
diarios,0,0,0,0,0
dice,0,0,0,0,0
dicha,0,0,0,0,0
dichas,0,0,0,0,0
dicho,0,0,0,0,0
diciembre,0,0,0,0,0
dicta,0,0,0,0,0
dictado,0,0,0,0,0
dictamen,0,0,0,0,0
dictar,0,0,0,0,0
dictó,0,0,0,0,0
diego,0,0,0,0,0
dieron,0,0,0,0,0
diferencia,0,0,0,0,0
diferenciado,0,0,0,0,0
diferencias,0,0,0,0,0
diferentes,0,0,0,0,0
difundan,0,0,0,0,0
difundieran,0,0,0,0,0
difundirse,0,0,0,0,0
difusión,0,0,0,0,0
digan,0,0,0,0,0
digirieron,0,0,0,0,0
digital,0,0,0,0,0
digitales,0,0,0,0,0
digno,0,0,0,0,0
dije,0,0,0,0,0
dijeron,0,0,0,0,0
dijo,0,0,0,0,0
dilucidar,0,0,0,0,0
dimisión,0,0,0,0,0
dinero,0,0,0,0,0
dinámica,0,0,0,0,0
dio,0,0,0,0,0
diosdado,0,0,0,0,0
diplomática,0,0,0,0,0
diplomáticamente,0,0,0,0,0
diplomáticas,0,0,0,0,0
diplomático,0,0,0,0,0
diputado,0,0,0,0,0
diputados,0,0,0,0,0
dirección,0,0,0,0,0
directa,0,0,0,0,0
directamente,0,0,0,0,0
directiva,0,0,0,0,0
director,0,0,0,0,0
directora,0,0,0,0,0
dirige,0,0,0,0,0
dirigente,0,0,0,0,0
dirigentes,0,0,0,0,0
dirigidas,0,0,0,0,0
dirija,0,0,0,0,0
diría,0,0,0,0,0
disciplina,0,0,0,0,0
discriminación,0,0,0,0,0
discriminatoria,0,0,0,0,0
discriminatorias,0,0,0,0,0
discurso,0,0,0,0,0
discursos,0,0,0,0,0
discusión,0,0,0,0,0
discutirla,0,0,0,0,0
diseña,0,0,0,0,0
dish,0,0,0,0,0
disminuirá,0,0,0,0,0
dispararon,0,0,0,0,0
disponibilidad,0,0,0,0,0
disponible,0,0,0,0,0
disposiciones,0,0,0,0,0
disposición,0,0,0,0,0
dispuesta,0,0,0,0,0
dispuesto,0,0,0,0,0
distancia,0,0,0,0,0
distinta,0,0,0,0,0
distintas,0,0,0,0,0
distinto,0,0,0,0,0
distorsiones,0,0,0,0,0
distribución,0,0,0,0,0
distribuir,0,0,0,0,0
distribuye,0,0,0,0,0
distrito,0,0,0,0,0
disuasible,0,0,0,0,0
diversas,0,0,0,0,0
diversos,0,0,0,0,0
divulgan,0,0,0,0,0
diálogo,0,0,0,0,0
diócesis,0,0,0,0,0
dmitry,0,0,0,0,0
dmktri,0,0,0,0,0
doble,0,0,0,0,0
doblándose,0,0,0,0,0
docena,0,0,0,0,0
doctores,0,0,0,0,0
doctrina,0,0,0,0,0
documento,0,0,0,0,0
documentos,0,0,0,0,0
documentó,0,0,0,0,0
dolor,0,0,0,0,0
domicilio,0,0,0,0,0
domicilios,0,0,0,0,0
domingo,0,0,0,0,0
doméstico,0,0,0,0,0
donaciones,0,0,0,0,0
donador,0,0,0,0,0
dos,0,0,0,0,0
droga,0,0,0,0,0
drogas,0,0,0,0,0
drásticas,0,0,0,0,0
duerme,0,0,0,0,0
dueño,0,0,0,0,0
duma,0,0,0,0,0
dumanis,0,0,0,0,0
duras,0,0,0,0,0
dávila,0,0,0,0,0
día,0,0,0,0,0
días,0,0,0,0,0
dólar,0,0,0,0,0
dólares,0,0,0,0,0
earle,0,0,0,0,0
echa,0,0,0,0,0
echaron,0,0,0,0,0
eclesiástico,0,0,0,0,0
eco,0,0,0,0,0
economía,0,0,0,0,0
económica,0,0,0,0,0
económicas,0,0,0,0,0
económico,0,0,0,0,0
económicos,0,0,0,0,0
ecos,0,0,0,0,0
edad,0,0,0,0,0
eduardo,0,0,0,0,0
edward,0,0,0,0,0
efectivamente,0,0,0,0,0
efectivos,0,0,0,0,0
efecto,0,0,0,0,0
efectos,0,0,0,0,0
efectuadas,0,0,0,0,0
efectuar,0,0,0,0,0
eficiente,0,0,0,0,0
eje,0,0,0,0,0
ejecución,0,0,0,0,0
ejecuta,0,0,0,0,0
ejecutiva,0,0,0,0,0
ejecutivas,0,0,0,0,0
ejecutivo,0,0,0,0,0
ejemplo,0,0,0,0,0
ejercer,0,0,0,0,0
ejercicio,0,0,0,0,0
ejerciendo,0,0,0,0,0
ejerza,0,0,0,0,0
ejército,0,0,0,0,0
elaboración,0,0,0,0,0
elaboraron,0,0,0,0,0
elcaso,0,0,0,0,0
elecciones,0,0,0,0,0
elección,0,0,0,0,0
electionmall,0,0,0,0,0
electo,0,0,0,0,0
electoral,0,0,0,0,0
electorales,0,0,0,0,0
electricidad,0,0,0,0,0
electrónicos,0,0,0,0,0
elegible,0,0,0,0,0
elegibles,0,0,0,0,0
elegido,0,0,0,0,0
elegir,0,0,0,0,0
elemento,0,0,0,0,0
elementos,0,0,0,0,0
elevados,0,0,0,0,0
elige,0,0,0,0,0
ello,0,0,0,0,0
elombligo,0,0,0,0,0
eloy,0,0,0,0,0
elvaticano,0,0,0,0,0
eléctrica,0,0,0,0,0
embajador,0,0,0,0,0
embarazada,0,0,0,0,0
embargo,0,0,0,0,0
emilio,0,0,0,0,0
emisarios,0,0,0,0,0
emisión,0,0,0,0,0
emitido,0,0,0,0,0
empezando,0,0,0,0,0
empezar,0,0,0,0,0
empieza,0,0,0,0,0
empleados,0,0,0,0,0
empleo,0,0,0,0,0
emprendió,0,0,0,0,0
empresa,0,0,0,0,0
empresario,0,0,0,0,0
empresas,0,0,0,0,0
encabece,0,0,0,0,0
encabeza,0,0,0,0,0
encabezaba,0,0,0,0,0
encabezado,0,0,0,0,0
encargaba,0,0,0,0,0
encinas,0,0,0,0,0
encontraba,0,0,0,0,0
encontraban,0,0,0,0,0
encontrado,0,0,0,0,0
encontrando,0,0,0,0,0
encontró,0,0,0,0,0
encotrar,0,0,0,0,0
encubiertos,0,0,0,0,0
encubridor,0,0,0,0,0
encubrirlos,0,0,0,0,0
encuentra,0,0,0,0,0
encuentran,0,0,0,0,0
encuestas,0,0,0,0,0
ende,0,0,0,0,0
enemigos,0,0,0,0,0
energética,0,0,0,0,0
enero,0,0,0,0,0
enfatizó,0,0,0,0,0
enfermedad,0,0,0,0,0
enfermedades,0,0,0,0,0
enfrentado,0,0,0,0,0
enfrentan,0,0,0,0,0
engañando,0,0,0,0,0
engaño,0,0,0,0,0
engaños,0,0,0,0,0
engañosa,0,0,0,0,0
enmarca,0,0,0,0,0
enmascarados,0,0,0,0,0
enorme,0,0,0,0,0
enormemente,0,0,0,0,0
enrique,0,0,0,0,0
ensanchara,0,0,0,0,0
ensenada,0,0,0,0,0
entendemos,0,0,0,0,0
entender,0,0,0,0,0
enterados,0,0,0,0,0
enteró,0,0,0,0,0
entidad,0,0,0,0,0
entidades,0,0,0,0,0
entonces,0,0,0,0,0
entrado,0,0,0,0,0
entrar,0,0,0,0,0
entraron,0,0,0,0,0
entregado,0,0,0,0,0
entregar,0,0,0,0,0
entregó,0,0,0,0,0
entretenimiento,0,0,0,0,0
entrevista,0,0,0,0,0
entrevistado,0,0,0,0,0
entrevistas,0,0,0,0,0
entró,0,0,0,0,0
enucrania,0,0,0,0,0
envergadura,0,0,0,0,0
enviado,0,0,0,0,0
enviados,0,0,0,0,0
enviar,0,0,0,0,0
enviarlo,0,0,0,0,0
enviaron,0,0,0,0,0
enviará,0,0,0,0,0
envió,0,0,0,0,0
envuelto,0,0,0,0,0
envía,0,0,0,0,0
envían,0,0,0,0,0
envíe,0,0,0,0,0
envío,0,0,0,0,0
envíos,0,0,0,0,0
epn,0,0,0,0,0
equiparable,0,0,0,0,0
equipo,0,0,0,0,0
equipos,0,0,0,0,0
equivalente,0,0,0,0,0
erika,0,0,0,0,0
ernesto,0,0,0,0,0
error,0,0,0,0,0
escalada,0,0,0,0,0
escalamiento,0,0,0,0,0
escalante,0,0,0,0,0
escenario,0,0,0,0,0
escisión,0,0,0,0,0
escocia,0,0,0,0,0
escribir,0,0,0,0,0
escrito,0,0,0,0,0
escritos,0,0,0,0,0
escuchar,0,0,0,0,0
escuchó,0,0,0,0,0
escuela,0,0,0,0,0
escándalos,0,0,0,0,0
esecretario,0,0,0,0,0
esferas,0,0,0,0,0
esfuerzo,0,0,0,0,0
esfuerzos,0,0,0,0,0
espacio,0,0,0,0,0
espaldas,0,0,0,0,0
esparza,0,0,0,0,0
españa,0,0,0,0,0
español,0,0,0,0,0
especial,0,0,0,0,0
especialistas,0,0,0,0,0
especializada,0,0,0,0,0
especialpresentada,0,0,0,0,0
especie,0,0,0,0,0
especificar,0,0,0,0,0
espectáculos,0,0,0,0,0
específicamente,0,0,0,0,0
específicas,0,0,0,0,0
específico,0,0,0,0,0
específicos,0,0,0,0,0
espera,0,0,0,0,0
esperaba,0,0,0,0,0
esperamos,0,0,0,0,0
esperanza,0,0,0,0,0
esperanzas,0,0,0,0,0
espiado,0,0,0,0,0
espinosa,0,0,0,0,0
espionaje,0,0,0,0,0
espontaneo,0,0,0,0,0
esquema,0,0,0,0,0
esquemas,0,0,0,0,0
estabilizar,0,0,0,0,0
establece,0,0,0,0,0
establecer,0,0,0,0,0
establecidas,0,0,0,0,0
establecido,0,0,0,0,0
establecimiento,0,0,0,0,0
estableció,0,0,0,0,0
establezca,0,0,0,0,0
estacionalidad,0,0,0,0,0
estaciones,0,0,0,0,0
estación,0,0,0,0,0
estadounidense,0,0,0,0,0
estadounidenses,0,0,0,0,0
estadunidense,0,0,0,0,0
estadunidenses,0,0,0,0,0
estallaron,0,0,0,0,0
estancada,0,0,0,0,0
estatal,0,0,0,0,0
estatales,0,0,0,0,0
estilo,0,0,0,0,0
estima,0,0,0,0,0
estrategias,0,0,0,0,0
estrecha,0,0,0,0,0
estrella,0,0,0,0,0
estreno,0,0,0,0,0
estrictas,0,0,0,0,0
estructura,0,0,0,0,0
estructurales,0,0,0,0,0
estrés,0,0,0,0,0
estudia,0,0,0,0,0
estudiante,0,0,0,0,0
estudiantes,0,0,0,0,0
estudio,0,0,0,0,0
etecsa,0,0,0,0,0
etiquetas,0,0,0,0,0
etnias,0,0,0,0,0
eu,0,0,0,0,0
europa,0,0,0,0,0
europea,0,0,0,0,0
europeas,0,0,0,0,0
europeo,0,0,0,0,0
europeos,0,0,0,0,0
euros,0,0,0,0,0
evento,0,0,0,0,0
evitar,0,0,0,0,0
eviten,0,0,0,0,0
ex,0,0,0,0,0
exacerbar,0,0,0,0,0
examinar,0,0,0,0,0
exceder,0,0,0,0,0
excelente,0,0,0,0,0
exdirector,0,0,0,0,0
exfuncionarios,0,0,0,0,0
exige,0,0,0,0,0
exigen,0,0,0,0,0
exigencias,0,0,0,0,0
exigimos,0,0,0,0,0
existan,0,0,0,0,0
existe,0,0,0,0,0
existen,0,0,0,0,0
existencia,0,0,0,0,0
existían,0,0,0,0,0
exitoso,0,0,0,0,0
expande,0,0,0,0,0
expediente,0,0,0,0,0
expedientes,0,0,0,0,0
experta,0,0,0,0,0
expicó,0,0,0,0,0
explicó,0,0,0,0,0
exponer,0,0,0,0,0
exportaciones,0,0,0,0,0
exportadas,0,0,0,0,0
exportará,0,0,0,0,0
expresa,0,0,0,0,0
expresado,0,0,0,0,0
expresidente,0,0,0,0,0
expresiones,0,0,0,0,0
expresión,0,0,0,0,0
expulsar,0,0,0,0,0
expuso,0,0,0,0,0
exrepública,0,0,0,0,0
extendiendo,0,0,0,0,0
exterior,0,0,0,0,0
exteriores,0,0,0,0,0
externo,0,0,0,0,0
externos,0,0,0,0,0
extracción,0,0,0,0,0
extraditado,0,0,0,0,0
extrae,0,0,0,0,0
extranjero,0,0,0,0,0
extranjeros,0,0,0,0,0
extrayendo,0,0,0,0,0
extraían,0,0,0,0,0
extremadamente,0,0,0,0,0
fabricante,0,0,0,0,0
faceta,0,0,0,0,0
fachada,0,0,0,0,0
facilidades,0,0,0,0,0
factor,0,0,0,0,0
facultadas,0,0,0,0,0
facultades,0,0,0,0,0
fallas,0,0,0,0,0
falsa,0,0,0,0,0
falsamente,0,0,0,0,0
falsas,0,0,0,0,0
falsedad,0,0,0,0,0
falso,0,0,0,0,0
falta,0,0,0,0,0
faltan,0,0,0,0,0
faltaron,0,0,0,0,0
familia,0,0,0,0,0
familiar,0,0,0,0,0
familiares,0,0,0,0,0
familias,0,0,0,0,0
farabundo,0,0,0,0,0
faro,0,0,0,0,0
fase,0,0,0,0,0
fast,0,0,0,0,0
fauna,0,0,0,0,0
favor,0,0,0,0,0
faysal,0,0,0,0,0
fbi,0,0,0,0,0
fe,0,0,0,0,0
feadle,0,0,0,0,0
febrero,0,0,0,0,0
fecha,0,0,0,0,0
fechas,0,0,0,0,0
federación,0,0,0,0,0
federada,0,0,0,0,0
federadas,0,0,0,0,0
federal,0,0,0,0,0
federales,0,0,0,0,0
felipe,0,0,0,0,0
femenil,0,0,0,0,0
fenómenos,0,0,0,0,0
ferias,0,0,0,0,0
fernando,0,0,0,0,0
fernández,0,0,0,0,0
ferroviaria,0,0,0,0,0
ferroviarios,0,0,0,0,0
fianza,0,0,0,0,0
fibra,0,0,0,0,0
fight,0,0,0,0,0
figura,0,0,0,0,0
figuras,0,0,0,0,0
fija,0,0,0,0,0
filiales,0,0,0,0,0
filner,0,0,0,0,0
filtrado,0,0,0,0,0
filtró,0,0,0,0,0
fin,0,0,0,0,0
final,0,0,0,0,0
finalidad,0,0,0,0,0
finalizó,0,0,0,0,0
finalmente,0,0,0,0,0
financiaba,0,0,0,0,0
financiadas,0,0,0,0,0
financiado,0,0,0,0,0
financiados,0,0,0,0,0
financiamiento,0,0,0,0,0
financiar,0,0,0,0,0
financiarán,0,0,0,0,0
financien,0,0,0,0,0
financiera,0,0,0,0,0
financieras,0,0,0,0,0
financiero,0,0,0,0,0
financieros,0,0,0,0,0
firma,0,0,0,0,0
firmadas,0,0,0,0,0
firmado,0,0,0,0,0
firman,0,0,0,0,0
firmantes,0,0,0,0,0
firmaron,0,0,0,0,0
firmó,0,0,0,0,0
fiscal,0,0,0,0,0
fiscales,0,0,0,0,0
fiscalía,0,0,0,0,0
fitosanitarias,0,0,0,0,0
fletcher,0,0,0,0,0
flexionar,0,0,0,0,0
florida,0,0,0,0,0
flota,0,0,0,0,0
flotando,0,0,0,0,0
fmln,0,0,0,0,0
fomentar,0,0,0,0,0
fondo,0,0,0,0,0
fondos,0,0,0,0,0
forma,0,0,0,0,0
formaba,0,0,0,0,0
formada,0,0,0,0,0
formado,0,0,0,0,0
formal,0,0,0,0,0
formalmente,0,0,0,0,0
formar,0,0,0,0,0
formara,0,0,0,0,0
formarían,0,0,0,0,0
formas,0,0,0,0,0
formen,0,0,0,0,0
formulada,0,0,0,0,0
foro,0,0,0,0,0
fortalecer,0,0,0,0,0
fortaleza,0,0,0,0,0
fosa,0,0,0,0,0
fotos,0,0,0,0,0
fox,0,0,0,0,0
fracasó,0,0,0,0,0
franca,0,0,0,0,0
francesa,0,0,0,0,0
francia,0,0,0,0,0
francisco,0,0,0,0,0
franco,0,0,0,0,0
francotiradores,0,0,0,0,0
francés,0,0,0,0,0
frecuencia,0,0,0,0,0
frecuencias,0,0,0,0,0
frenado,0,0,0,0,0
frenar,0,0,0,0,0
frente,0,0,0,0,0
frontera,0,0,0,0,0
fronteras,0,0,0,0,0
fruto,0,0,0,0,0
frágil,0,0,0,0,0
fría,0,0,0,0,0
fueintroducida,0,0,0,0,0
fuente,0,0,0,0,0
fuentes,0,0,0,0,0
fuerte,0,0,0,0,0
fuertemente,0,0,0,0,0
fuertes,0,0,0,0,0
fuerza,0,0,0,0,0
fuerzas,0,0,0,0,0
funcional,0,0,0,0,0
funcionamiento,0,0,0,0,0
funcionaria,0,0,0,0,0
funcionario,0,0,0,0,0
funcionarios,0,0,0,0,0
funciones,0,0,0,0,0
función,0,0,0,0,0
fundado,0,0,0,0,0
fundador,0,0,0,0,0
fundamental,0,0,0,0,0
fundamentos,0,0,0,0,0
futuro,0,0,0,0,0
fácil,0,0,0,0,0
físicos,0,0,0,0,0
g,0,0,0,0,0
gabinete,0,0,0,0,0
gales,0,0,0,0,0
gallos,0,0,0,0,0
gamboa,0,0,0,0,0
gana,0,0,0,0,0
ganadas,0,0,0,0,0
ganó,0,0,0,0,0
garantizar,0,0,0,0,0
garantías,0,0,0,0,0
garcía,0,0,0,0,0
gas,0,0,0,0,0
gaseoductos,0,0,0,0,0
gasera,0,0,0,0,0
gasoductos,0,0,0,0,0
gaspar,0,0,0,0,0
gasta,0,0,0,0,0
gay,0,0,0,0,0
gdf,0,0,0,0,0
gemelas,0,0,0,0,0
generación,0,0,0,0,0
generada,0,0,0,0,0
generado,0,0,0,0,0
general,0,0,0,0,0
generalmente,0,0,0,0,0
generando,0,0,0,0,0
generar,0,0,0,0,0
generen,0,0,0,0,0
gente,0,0,0,0,0
george,0,0,0,0,0
gerardo,0,0,0,0,0
gestación,0,0,0,0,0
gestiones,0,0,0,0,0
gestoría,0,0,0,0,0
ghz,0,0,0,0,0
gigantes,0,0,0,0,0
girada,0,0,0,0,0
girado,0,0,0,0,0
glazyev,0,0,0,0,0
gláziev,0,0,0,0,0
gnb,0,0,0,0,0
gobernación,0,0,0,0,0
gobernante,0,0,0,0,0
gobernantes,0,0,0,0,0
gobierno,0,0,0,0,0
gobiernos,0,0,0,0,0
gocen,0,0,0,0,0
godoy,0,0,0,0,0
golpe,0,0,0,0,0
golpeando,0,0,0,0,0
golpes,0,0,0,0,0
golpistas,0,0,0,0,0
gomorra,0,0,0,0,0
grabada,0,0,0,0,0
grabadas,0,0,0,0,0
grado,0,0,0,0,0
gran,0,0,0,0,0
grande,0,0,0,0,0
grandes,0,0,0,0,0
gratuidad,0,0,0,0,0
grave,0,0,0,0,0
gravemente,0,0,0,0,0
gregorio,0,0,0,0,0
gritaba,0,0,0,0,0
gruesa,0,0,0,0,0
grupo,0,0,0,0,0
grupos,0,0,0,0,0
guadalajara,0,0,0,0,0
guajardo,0,0,0,0,0
guanajuato,0,0,0,0,0
guardia,0,0,0,0,0
guatemala,0,0,0,0,0
guerra,0,0,0,0,0
guevara,0,0,0,0,0
guillermo,0,0,0,0,0
gusta,0,0,0,0,0
gustan,0,0,0,0,0
guzmán,0,0,0,0,0
gángster,0,0,0,0,0
haber,0,0,0,0,0
haberse,0,0,0,0,0
habitantes,0,0,0,0,0
habla,0,0,0,0,0
hablado,0,0,0,0,0
hablando,0,0,0,0,0
hablar,0,0,0,0,0
habló,0,0,0,0,0
habíanizado,0,0,0,0,0
hace,0,0,0,0,0
hacen,0,0,0,0,0
hacer,0,0,0,0,0
hacerla,0,0,0,0,0
hacerlo,0,0,0,0,0
hacia,0,0,0,0,0
hacienda,0,0,0,0,0
haciendo,0,0,0,0,0
hackeo,0,0,0,0,0
haga,0,0,0,0,0
hagan,0,0,0,0,0
hallado,0,0,0,0,0
hallazgo,0,0,0,0,0
hambre,0,0,0,0,0
hamoui,0,0,0,0,0
hará,0,0,0,0,0
hashtag,0,0,0,0,0
hayduk,0,0,0,0,0
hb,0,0,0,0,0
hecha,0,0,0,0,0
hecho,0,0,0,0,0
hechos,0,0,0,0,0
hegemónicos,0,0,0,0,0
herida,0,0,0,0,0
heridas,0,0,0,0,0
heridos,0,0,0,0,0
herman,0,0,0,0,0
herramientas,0,0,0,0,0
herrera,0,0,0,0,0
hice,0,0,0,0,0
hicieron,0,0,0,0,0
hijos,0,0,0,0,0
hipólito,0,0,0,0,0
historia,0,0,0,0,0
histórica,0,0,0,0,0
históricamente,0,0,0,0,0
histórico,0,0,0,0,0
hizo,0,0,0,0,0
hogares,0,0,0,0,0
hombre,0,0,0,0,0
hombres,0,0,0,0,0
homicidio,0,0,0,0,0
homicidios,0,0,0,0,0
homicidiosean,0,0,0,0,0
homofóbicas,0,0,0,0,0
homofóbicos,0,0,0,0,0
homosexual,0,0,0,0,0
honestidad,0,0,0,0,0
hong,0,0,0,0,0
horas,0,0,0,0,0
horcasitas,0,0,0,0,0
hospital,0,0,0,0,0
hostilidades,0,0,0,0,0
hoteles,0,0,0,0,0
hoy,1.0,0,0,0,0
huelga,0,0,0,0,0
huevos,0,0,0,0,0
hugo,0,0,0,0,0
humanitaria,0,0,0,0,0
humano,0,0,0,0,0
humanos,0,0,0,0,0
humberto,0,0,0,0,0
huna,0,0,0,0,0
hundido,0,0,0,0,0
hurgar,0,0,0,0,0
huyende,0,0,0,0,0
hábitat,0,0,0,0,0
i,0,0,0,0,0
iba,0,0,0,0,0
iberoamericana,0,0,0,0,0
ice,0,0,0,0,0
idea,0,0,0,0,0
identifica,0,0,0,0,0
identificar,0,0,0,0,0
ideología,0,0,0,0,0
ideologías,0,0,0,0,0
ideológicas,0,0,0,0,0
ido,0,0,0,0,0
ifai,0,0,0,0,0
ifetel,0,0,0,0,0
ift,0,0,0,0,0
iglesia,0,0,0,0,0
igual,0,0,0,0,0
ii,0,0,0,0,0
il,0,0,0,0,0
ildefonso,0,0,0,0,0
ileana,0,0,0,0,0
ilegal,0,0,0,0,0
ilegales,0,0,0,0,0
iliana,0,0,0,0,0
imagen,0,0,0,0,0
imaginar,0,0,0,0,0
imaginé,0,0,0,0,0
imparcial,0,0,0,0,0
impasible,0,0,0,0,0
impasse,0,0,0,0,0
imperio,0,0,0,0,0
imperios,0,0,0,0,0
impidan,0,0,0,0,0
implementación,0,0,0,0,0
implementarán,0,0,0,0,0
implica,0,0,0,0,0
implicado,0,0,0,0,0
implicarnos,0,0,0,0,0
impone,0,0,0,0,0
imponen,0,0,0,0,0
imponer,0,0,0,0,0
imponga,0,0,0,0,0
imponiendo,0,0,0,0,0
importaciones,0,0,0,0,0
importación,0,0,0,0,0
importan,0,0,0,0,0
importancia,0,0,0,0,0
importante,0,0,0,0,0
imposible,0,0,0,0,0
impuesta,0,0,0,0,0
impuestas,0,0,0,0,0
impuesto,0,0,0,0,0
impugnación,0,0,0,0,0
impulsado,0,0,0,0,0
impulsar,0,0,0,0,0
impulsará,0,0,0,0,0
impunidad,0,0,0,0,0
impuso,0,0,0,0,0
imss,0,0,0,0,0
imágenes,0,0,0,0,0
incapaz,0,0,0,0,0
incertidumbre,0,0,0,0,0
incidente,0,0,0,0,0
incierto,0,0,0,0,0
incitación,0,0,0,0,0
incluidos,0,0,0,0,0
incluir,0,0,0,0,0
inclusive,0,0,0,0,0
incluso,0,0,0,0,0
incluye,0,0,0,0,0
incluyen,0,0,0,0,0
incluyendo,0,0,0,0,0
incluyó,0,0,0,0,0
incompetente,0,0,0,0,0
incomprensiones,0,0,0,0,0
inconstitucionales,0,0,0,0,0
incorporación,0,0,0,0,0
incorrectos,0,0,0,0,0
incumplido,0,0,0,0,0
incumplimiento,0,0,0,0,0
incurrido,0,0,0,0,0
incurrió,0,0,0,0,0
incómodo,0,0,0,0,0
indagatoria,0,0,0,0,0
independencia,0,0,0,0,0
independiente,0,0,0,0,0
indica,0,0,0,0,0
indicado,0,0,0,0,0
indican,0,0,0,0,0
indicaron,0,0,0,0,0
indicó,0,0,0,0,0
indirectamente,0,0,0,0,0
indiscutible,0,0,0,0,0
individuos,0,0,0,0,0
indocumentados,0,0,0,0,0
industria,0,0,0,0,0
industrialización,0,0,0,0,0
industrializada,0,0,0,0,0
industrias,0,0,0,0,0
inewsource,0,0,0,0,0
infantes,0,0,0,0,0
influencia,0,0,0,0,0
infonavit,0,0,0,0,0
informa,0,0,0,0,0
información,0,0,0,0,0
informado,0,0,0,0,0
informativa,0,0,0,0,0
informativo,0,0,0,0,0
informe,0,0,0,0,0
informes,0,0,0,0,0
informó,0,0,0,0,0
infractores,0,0,0,0,0
inglés,0,0,0,0,0
ingresar,0,0,0,0,0
ingreso,0,0,0,0,0
ingresos,0,0,0,0,0
iniciaba,0,0,0,0,0
iniciación,0,0,0,0,0
iniciada,0,0,0,0,0
iniciado,0,0,0,0,0
iniciar,0,0,0,0,0
iniciaron,0,0,0,0,0
iniciativa,0,0,0,0,0
inicie,0,0,0,0,0
inicié,0,0,0,0,0
inició,0,0,0,0,0
inmediaciones,0,0,0,0,0
inmediata,0,0,0,0,0
inmediato,0,0,0,0,0
inmediatos,0,0,0,0,0
inmigración,0,0,0,0,0
inmigrantes,0,0,0,0,0
inminente,0,0,0,0,0
inocente,0,0,0,0,0
insistió,0,0,0,0,0
inspiración,0,0,0,0,0
instalaciones,0,0,0,0,0
instalado,0,0,0,0,0
instalan,0,0,0,0,0
instalen,0,0,0,0,0
instaló,0,0,0,0,0
instancia,0,0,0,0,0
instantánea,0,0,0,0,0
instinto,0,0,0,0,0
institucional,0,0,0,0,0
instituciones,0,0,0,0,0
institución,0,0,0,0,0
instituto,0,0,0,0,0
instrucciones,0,0,0,0,0
instrucción,0,0,0,0,0
instrumentado,0,0,0,0,0
instrumentar,0,0,0,0,0
instrumento,0,0,0,0,0
instó,0,0,0,0,0
insuficientes,0,0,0,0,0
integración,0,0,0,0,0
integrada,0,0,0,0,0
integrales,0,0,0,0,0
integrante,0,0,0,0,0
integrantes,0,0,0,0,0
integrará,0,0,0,0,0
integridad,0,0,0,0,0
intelectual,0,0,0,0,0
inteligencia,0,0,0,0,0
intentaba,0,0,0,0,0
intentando,0,0,0,0,0
interamericana,0,0,0,0,0
intercambio,0,0,0,0,0
intercepción,0,0,0,0,0
interceptadas,0,0,0,0,0
interconectar,0,0,0,0,0
interconexión,0,0,0,0,0
interdependientes,0,0,0,0,0
interesado,0,0,0,0,0
interesante,0,0,0,0,0
intereses,0,0,0,0,0
interfax,0,0,0,0,0
interino,0,0,0,0,0
interior,0,0,0,0,0
interna,0,0,0,0,0
internacional,0,0,0,0,0
internacionales,0,0,0,0,0
internacionalista,0,0,0,0,0
internamente,0,0,0,0,0
internet,0,0,0,0,0
interno,0,0,0,0,0
interponer,0,0,0,0,0
interpretaciones,0,0,0,0,0
interpretó,0,0,0,0,0
intervención,0,0,0,0,0
interés,0,0,0,0,0
intuyo,0,0,0,0,0
invadiendo,0,0,0,0,0
invadió,0,0,0,0,0
inversiones,0,0,0,0,0
inversionista,0,0,0,0,0
investiga,0,0,0,0,0
investigaba,0,0,0,0,0
investigaciones,0,0,0,0,0
investigación,0,0,0,0,0
investigado,0,0,0,0,0
investigan,0,0,0,0,0
investigar,0,0,0,0,0
investigue,0,0,0,0,0
invitaba,0,0,0,0,0
invocado,0,0,0,0,0
invocar,0,0,0,0,0
involucrada,0,0,0,0,0
involucradas,0,0,0,0,0
involucrados,0,0,0,0,0
invoque,0,0,0,0,0
ip,0,0,0,0,0
ir,0,0,0,0,0
irak,0,0,0,0,0
iraní,0,0,0,0,0
irlanda,0,0,0,0,0
irlandés,0,0,0,0,0
irregularidades,0,0,0,0,0
irrumpieron,0,0,0,0,0
irse,0,0,0,0,0
isis,0,0,0,0,0
isla,0,0,0,0,0
ismael,0,0,0,0,0
israel,0,0,0,0,0
italiano,0,0,0,0,0
itar,0,0,0,0,0
ivanovna,0,0,0,0,0
ixtlahuacán,0,0,0,0,0
izado,0,0,0,0,0
izaron,0,0,0,0,0
izó,0,0,0,0,0
jacqueline,0,0,0,0,0
jalisco,0,0,0,0,0
japonés,0,0,0,0,0
jaqueline,0,0,0,0,0
jason,0,0,0,0,0
javier,0,0,0,0,0
jefe,0,0,0,0,0
jeh,0,0,0,0,0
jerarquías,0,0,0,0,0
jesús,0,0,0,0,0
jiangsu,0,0,0,0,0
jiménez,0,0,0,0,0
jinping,0,0,0,0,0
joaquín,0,0,0,0,0
john,0,0,0,0,0
johnson,0,0,0,0,0
jolla,0,0,0,0,0
jon,0,0,0,0,0
jornada,0,0,0,0,0
josé,0,0,0,0,0
juan,0,0,0,0,0
judicial,0,0,0,0,0
jueves,0,0,0,0,0
juez,0,0,0,0,0
juicio,0,0,0,0,0
julie,0,0,0,0,0
julio,0,0,0,0,0
junio,0,0,0,0,0
junto,0,0,0,0,0
juntos,0,0,0,0,0
jurado,0,0,0,0,0
jurídico,0,0,0,0,0
jurídicos,0,0,0,0,0
justicia,0,0,0,0,0
justificar,0,0,0,0,0
juvenil,0,0,0,0,0
juzgado,0,0,0,0,0
jóvenes,0,0,0,0,0
kerry,0,0,0,0,0
kg,0,0,0,0,0
khabbaz,0,0,0,0,0
ki,0,0,0,0,0
kiev,0,0,0,0,0
kike,0,0,0,0,0
kilogramo,0,0,0,0,0
kilómetros,0,0,0,0,0
klishas,0,0,0,0,0
kong,0,0,0,0,0
konstantinov,0,0,0,0,0
kosovar,0,0,0,0,0
kosovo,0,0,0,0,0
kremlin,0,0,0,0,0
kuala,0,0,0,0,0
l,0,0,0,0,0
labor,0,0,0,0,0
laborales,0,0,0,0,0
laborar,0,0,0,0,0
lado,0,0,0,0,0
lados,0,0,0,0,0
lafederación,0,0,0,0,0
laguarda,0,0,0,0,0
laguna,0,0,0,0,0
lahuelga,0,0,0,0,0
laindustria,0,0,0,0,0
lamentable,0,0,0,0,0
lamentablemente,0,0,0,0,0
lamentó,0,0,0,0,0
lanzó,0,0,0,0,0
larga,0,0,0,0,0
largo,0,0,0,0,0
lasimportaciones,0,0,0,0,0
latina,0,0,0,0,0
launiversidad,0,0,0,0,0
lavado,0,0,0,0,0
lavar,0,0,0,0,0
lawrence,0,0,0,0,0
lectura,0,0,0,0,0
lee,0,0,0,0,0
leer,0,0,0,0,0
legal,0,0,0,0,0
legionarios,0,0,0,0,0
legionariso,0,0,0,0,0
legislador,0,0,0,0,0
legisladora,0,0,0,0,0
legisladores,0,0,0,0,0
legislar,0,0,0,0,0
legislativa,0,0,0,0,0
legislativo,0,0,0,0,0
legítimos,0,0,0,0,0
lehtinen,0,0,0,0,0
lejos,0,0,0,0,0
lenguas,0,0,0,0,0
lenta,0,0,0,0,0
leonid,0,0,0,0,0
leonés,0,0,0,0,0
leseigneur,0,0,0,0,0
ley,0,0,0,0,0
leyenda,0,0,0,0,0
leyes,0,0,0,0,0
león,0,0,0,0,0
liberación,0,0,0,0,0
liberada,0,0,0,0,0
liberal,0,0,0,0,0
liberar,0,0,0,0,0
libertad,0,0,0,0,0
libre,0,0,0,0,0
libro,0,0,0,0,0
licitación,0,0,0,0,0
ligadas,0,0,0,0,0
limita,0,0,0,0,0
limitaciones,0,0,0,0,0
limitada,0,0,0,0,0
limitar,0,0,0,0,0
limón,0,0,0,0,0
lincoln,0,0,0,0,0
liquidez,0,0,0,0,0
lista,0,0,0,0,0
listo,0,0,0,0,0
listos,0,0,0,0,0
litigaron,0,0,0,0,0
litigio,0,0,0,0,0
liu,0,0,0,0,0
llamada,0,0,0,0,0
llamadas,0,0,0,0,0
llamado,0,0,0,0,0
llamados,0,0,0,0,0
llamar,0,0,0,0,0
llamaría,0,0,0,0,0
llamó,0,0,0,0,0
llega,0,0,0,0,0
llegaban,0,0,0,0,0
llegar,0,0,0,0,0
llegó,0,0,0,0,0
lleva,0,0,0,0,0
llevada,0,0,0,0,0
llevadas,0,0,0,0,0
llevado,0,0,0,0,0
llevarnos,0,0,0,0,0
llevaron,0,0,0,0,0
lleven,0,0,0,0,0
llevó,0,0,0,0,0
llora,0,0,0,0,0
local,0,0,0,0,0
locales,0,0,0,0,0
localiza,0,0,0,0,0
localización,0,0,0,0,0
localizadas,0,0,0,0,0
localizar,0,0,0,0,0
localizaron,0,0,0,0,0
loco,0,0,0,0,0
logrado,0,0,0,0,0
logran,0,0,0,0,0
logro,0,0,0,0,0
logró,0,0,0,0,0
losparticulares,0,0,0,0,0
lucha,0,0,0,0,0
luchan,0,0,0,0,0
luego,0,0,0,0,0
lugar,0,0,0,0,0
lugares,0,0,0,0,0
lugo,0,0,0,0,0
luis,0,0,0,0,0
lumpur,0,0,0,0,0
lunes,0,0,0,0,0
luz,0,0,0,0,0
lésbico,0,0,0,0,0
líder,0,0,0,0,0
líderes,0,0,0,0,0
límites,0,0,0,0,0
línea,0,0,0,0,0
líneas,0,0,0,0,0
maciel,0,0,0,0,0
madero,0,0,0,0,0
madre,0,0,0,0,0
maduro,0,0,0,0,0
magistrado,0,0,0,0,0
magna,0,0,0,0,0
mahony,0,0,0,0,0
mal,0,0,0,0,0
malasio,0,0,0,0,0
malayo,0,0,0,0,0
malaysia,0,0,0,0,0
malestar,0,0,0,0,0
maltratados,0,0,0,0,0
maltrato,0,0,0,0,0
malvinas,0,0,0,0,0
mamá,0,0,0,0,0
mamíferos,0,0,0,0,0
mancera,0,0,0,0,0
manchar,0,0,0,0,0
mancharlo,0,0,0,0,0
mandarla,0,0,0,0,0
mandatario,0,0,0,0,0
mandatarios,0,0,0,0,0
mando,0,0,0,0,0
manejo,0,0,0,0,0
manera,0,0,0,0,0
manhattan,0,0,0,0,0
manifestaciones,0,0,0,0,0
manifestación,0,0,0,0,0
manifestado,0,0,0,0,0
manifestantes,0,0,0,0,0
manifestó,0,0,0,0,0
manipulación,0,0,0,0,0
manjarrez,0,0,0,0,0
mano,0,0,0,0,0
manos,0,0,0,0,0
manrique,0,0,0,0,0
mantendrá,0,0,0,0,0
mantener,0,0,0,0,0
mantiene,0,0,0,0,0
mantienen,0,0,0,0,0
manual,0,0,0,0,0
manuel,0,0,0,0,0
manutención,0,0,0,0,0
mar,0,0,0,0,0
marc,0,0,0,0,0
marca,0,0,0,0,0
marcarlo,0,0,0,0,0
marcelo,0,0,0,0,0
marcha,0,0,0,0,0
marchas,0,0,0,0,0
marcial,0,0,0,0,0
marco,0,0,0,0,0
maricones,0,0,0,0,0
mario,0,0,0,0,0
martes,0,0,0,0,0
martha,0,0,0,0,0
martí,0,0,0,0,0
martín,0,0,0,0,0
martínez,0,0,0,0,0
marzo,0,0,0,0,0
maría,0,0,0,0,0
marítima,0,0,0,0,0
masiva,0,0,0,0,0
mata,0,0,0,0,0
matar,0,0,0,0,0
matarían,0,0,0,0,0
matemática,0,0,0,0,0
materia,0,0,0,0,0
matrimonio,0,0,0,0,0
matsura,0,0,0,0,0
matvienko,0,0,0,0,0
matviyenko,0,0,0,0,0
matzura,0,0,0,0,0
maté,0,0,0,0,0
mató,0,0,0,0,0
mauricio,0,0,0,0,0
mayo,0,0,0,0,0
mayor,0,0,0,0,0
mayores,0,0,0,0,0
mayoría,0,0,0,0,0
mañana,0,0,0,0,0
mecanismo,0,0,0,0,0
mecanismos,0,0,0,0,0
mediados,0,0,0,0,0
mediana,0,0,0,0,0
mediante,0,0,0,0,0
medias,0,0,0,0,0
medida,0,0,0,0,0
medidas,0,0,0,0,0
medio,0,0,0,0,0
medios,0,0,0,0,0
mediterráneo,0,0,0,0,0
medvedchuk,0,0,0,0,0
mejor,0,0,0,0,0
membrillos,0,0,0,0,0
memoria,0,0,0,0,0
menciona,0,0,0,0,0
mencionó,0,0,0,0,0
mención,0,0,0,0,0
menor,0,0,0,0,0
menores,0,0,0,0,0
menos,0,0,0,0,0
mensaje,0,0,0,0,0
mensajería,0,0,0,0,0
mental,0,0,0,0,0
mentalmente,0,0,0,0,0
mentiras,0,0,0,0,0
mercado,0,0,0,0,0
mercados,0,0,0,0,0
mercantil,0,0,0,0,0
merece,0,0,0,0,0
meridional,0,0,0,0,0
mermarse,0,0,0,0,0
mes,0,0,0,0,0
mesa,0,0,0,0,0
meschoulam,0,0,0,0,0
meses,0,0,0,0,0
metro,0,0,0,0,0
metros,0,0,0,0,0
mexicana,0,0,0,0,0
mexicanas,0,0,0,0,0
mexicano,0,0,0,0,0
mexicanos,0,0,0,0,0
mexiquense,0,0,0,0,0
mezclar,0,0,0,0,0
mh,0,0,0,0,0
mhz,0,0,0,0,0
michoacano,0,0,0,0,0
michoacán,0,0,0,0,0
middleton,0,0,0,0,0
miembros,0,0,0,0,0
mientras,0,0,0,0,0
miguel,0,0,0,0,0
mil,0,0,0,0,0
miles,0,0,0,0,0
milicia,0,0,0,0,0
militar,0,0,0,0,0
militares,0,0,0,0,0
millones,0,0,0,0,0
milwaukee,0,0,0,0,0
ministerio,0,0,0,0,0
ministra,0,0,0,0,0
ministro,0,0,0,0,0
ministros,0,0,0,0,0
miopatía,0,0,0,0,0
mireles,0,0,0,0,0
miseria,0,0,0,0,0
misión,0,0,0,0,0
misma,0,0,0,0,0
mismo,0,0,0,0,0
mismos,0,0,0,0,0
mitología,0,0,0,0,0
mizulina,0,0,0,0,0
miércoles,0,0,0,0,0
modelo,0,0,0,0,0
modelos,0,0,0,0,0
modernizar,0,0,0,0,0
molestia,0,0,0,0,0
molesto,0,0,0,0,0
momento,0,0,0,0,0
monetarias,0,0,0,0,0
monopolio,0,0,0,0,0
monreal,0,0,0,0,0
montar,0,0,0,0,0
monte,0,0,0,0,0
monterrey,0,0,0,0,0
montes,0,0,0,0,0
monto,0,0,0,0,0
moon,0,0,0,0,0
mora,0,0,0,0,0
moral,0,0,0,0,0
morelos,0,0,0,0,0
moreno,0,0,0,0,0
morning,0,0,0,0,0
moscú,0,0,0,0,0
mostrar,0,0,0,0,0
mostrara,0,0,0,0,0
motocicletas,0,0,0,0,0
moverse,0,0,0,0,0
movido,0,0,0,0,0
movimiento,0,0,0,0,0
muchas,0,0,0,0,0
mud,0,0,0,0,0
muera,0,0,0,0,0
muerte,0,0,0,0,0
muerto,0,0,0,0,0
muertos,0,0,0,0,0
muestra,0,0,0,0,0
mujer,0,0,0,0,0
mujeres,0,0,0,0,0
multas,0,0,0,0,0
multimillonario,0,0,0,0,0
multiprogramación,0,0,0,0,0
multitud,0,0,0,0,0
mundial,0,0,0,0,0
mundo,0,0,0,0,0
municipal,0,0,0,0,0
municipales,0,0,0,0,0
municipio,0,0,0,0,0
municipios,0,0,0,0,0
mural,0,0,0,0,0
murieron,0,0,0,0,0
murió,0,0,0,0,0
murphy,0,0,0,0,0
mvs,0,0,0,0,0
máxima,0,0,0,0,0
máximo,0,0,0,0,0
médico,0,0,0,0,0
méxico,0,0,0,0,0
móvil,0,0,0,0,0
músculo,0,0,0,0,0
n,0,0,0,0,0
nacen,0,0,0,0,0
nacido,0,0,0,0,0
nacional,0,0,0,0,0
nacionales,0,0,0,0,0
nacionalidad,0,0,0,0,0
nacionalista,0,0,0,0,0
naciones,0,0,0,0,0
nación,0,0,0,0,0
nadie,0,0,0,0,0
narcotraficantes,0,0,0,0,0
narcotráfico,0,0,0,1.0,0
narcóticos,0,0,0,0,0
narices,0,0,0,0,0
narus,0,0,0,0,0
natalidad,0,0,0,0,0
nathan,0,0,0,0,0
natural,0,0,0,0,0
naturaleza,0,0,0,0,0
naturalezas,0,0,0,0,0
naucalpan,0,0,0,0,0
naval,0,0,0,0,0
navales,0,0,0,0,0
navegación,0,0,0,0,0
nazario,0,0,0,0,0
necesaria,0,0,0,0,0
necesarias,0,0,0,0,0
necesario,0,0,0,0,0
necesidad,0,0,0,0,0
necesitarlo,0,0,0,0,0
negarse,0,0,0,0,0
negativa,0,0,0,0,0
negativamente,0,0,0,0,0
negociaciones,0,0,0,0,0
negociada,0,0,0,0,0
negociar,0,0,0,0,0
negocio,0,0,0,0,0
negocios,0,0,0,0,0
negro,0,0,0,0,0
negó,0,0,0,0,0
new,0,0,0,0,0
nicho,0,0,0,0,0
nicolás,0,0,0,0,0
nieto,0,0,0,0,0
ninguna,0,0,0,0,0
ninguno,0,0,0,0,0
ningún,0,0,0,0,0
nivel,0,0,0,0,0
niveles,0,0,0,0,0
niña,0,0,0,0,0
niño,0,0,0,0,0
niños,0,0,0,0,0
noche,0,0,0,0,0
nombrado,0,0,0,0,0
nombramientos,0,0,0,0,0
nombre,0,0,0,0,0
nombres,0,0,0,0,0
noreste,0,0,0,0,0
normales,0,0,0,0,0
norman,0,0,0,0,0
normas,0,0,0,0,0
norte,0,0,0,0,0
norteamericanas,0,0,0,0,0
nota,0,0,0,0,0
notar,0,0,0,0,0
notias,0,0,0,0,0
noticia,0,0,0,0,0
noticias,0,0,0,0,0
notisur,0,0,0,0,0
noventa,0,0,0,0,0
noviembre,0,0,0,0,0
novio,0,0,0,0,0
novosti,0,0,0,0,0
nsa,0,0,0,0,0
nuclear,0,0,0,0,0
nueva,0,0,0,0,0
nuevas,0,0,0,0,0
nueve,0,0,0,0,0
nuevo,0,0,0,0,0
nuevos,0,0,0,0,0
nunca,0,0,0,0,0
ny,0,0,0,0,0
nápoles,0,0,0,0,0
número,0,0,0,0,0
obama,0,0,0,0,0
obispo,0,0,0,0,0
objetivo,0,0,0,0,0
objetos,0,0,0,0,0
obligaba,0,0,0,0,0
obligaban,0,0,0,0,0
obligación,0,0,0,0,0
obligados,0,0,0,0,0
obra,0,0,0,0,0
observaciones,0,0,0,0,0
observación,0,0,0,0,0
observar,0,0,0,0,0
obstaculizar,0,0,0,0,0
obstante,0,0,0,0,0
obstruyan,0,0,0,0,0
obstáculos,0,0,0,0,0
obtendrán,0,0,0,0,0
obtener,0,0,0,0,0
ocasiones,0,0,0,0,0
occidental,0,0,0,0,0
occidentales,0,0,0,0,0
occidente,0,0,0,0,0
ocho,0,0,0,0,0
octubre,0,0,0,0,0
ocultado,0,0,0,0,0
ocultar,0,0,0,0,0
oculte,0,0,0,0,0
ocupa,0,0,0,0,0
ocupará,0,0,0,0,0
ocurre,0,0,0,0,0
ocurren,0,0,0,0,0
ocurrida,0,0,0,0,0
ocurrido,0,0,0,0,0
ocurrieron,0,0,0,0,0
ocurrir,0,0,0,0,0
ocurrió,0,0,0,0,0
océano,0,0,0,0,0
oea,0,0,0,0,0
oeste,0,0,0,0,0
ofensas,0,0,0,0,0
ofensiva,0,0,0,0,0
ofensivo,0,0,0,0,0
oficial,0,0,0,0,0
oficiales,0,0,0,0,0
oficialista,0,0,0,0,0
oficialistas,0,0,0,0,0
oficialmenete,0,0,0,0,0
oficina,0,0,0,0,0
oficinas,0,0,0,0,0
ofrece,0,0,0,0,0
ofrecer,0,0,0,0,0
ofrecido,0,0,0,0,0
ofrecieron,0,0,0,0,0
oleadas,0,0,0,0,0
olegovich,0,0,0,0,0
olfateando,0,0,0,0,0
onu,0,0,0,0,0
opciones,0,0,0,0,0
opción,0,0,0,0,0
opera,0,0,0,0,0
operable,0,0,0,0,0
operaciones,0,0,0,0,0
operación,0,0,0,0,0
operadores,0,0,0,0,0
operan,0,0,0,0,0
operando,0,0,0,0,0
operar,0,0,0,0,0
operativo,0,0,0,0,0
opere,0,0,0,0,0
opinión,0,0,0,0,0
oponen,0,0,0,0,0
oportunamente,0,0,0,0,0
oposición,0,0,0,0,0
opositora,0,0,0,0,0
opositoras,0,0,0,0,0
opositores,0,0,0,0,0
optar,0,0,0,0,0
oración,0,0,0,0,0
orden,0,0,0,0,0
ordenó,0,0,0,0,0
ordenóabandonar,0,0,0,0,0
ordinario,0,0,0,0,0
organismo,0,0,0,0,0
organismos,0,0,0,0,0
organizaciones,0,0,0,0,0
organización,0,0,0,0,0
organizada,0,0,0,0,0
organizado,0,0,0,0,0
organizados,0,0,0,0,0
oriente,0,0,0,0,0
origen,0,0,0,0,0
original,0,0,0,0,0
orilla,0,0,0,0,0
orión,0,0,0,0,0
oro,0,0,0,0,0
orquestado,0,0,0,0,0
otan,0,0,0,0,0
otomano,0,0,0,0,0
otorgada,0,0,0,0,0
otorgar,0,0,0,0,0
otorgue,0,0,0,0,0
otorgó,0,0,0,0,0
pablo,0,0,0,0,0
pacto,0,0,0,0,0
pacífica,0,0,0,0,0
padre,0,0,0,0,0
padres,0,0,0,0,0
paga,0,0,0,0,0
pagan,0,0,0,0,0
pagaron,0,0,0,0,0
pagarán,0,0,0,0,0
pago,0,0,0,0,0
pagos,0,0,0,0,0
pague,0,0,0,0,0
paja,0,0,0,0,0
palabras,0,0,0,0,0
palacio,0,0,0,0,0
pan,0,0,0,0,0
pantalones,0,0,0,0,0
papa,0,0,0,0,0
papabenedicto,0,0,0,0,0
papado,0,0,0,0,0
papel,0,0,0,0,0
papá,0,0,0,0,0
paquete,0,0,0,0,0
paraguay,0,0,0,0,0
parcialmente,0,0,0,0,0
parece,0,0,0,0,0
pared,0,0,0,0,0
parlamento,0,0,0,0,0
parte,0,0,0,0,0
partes,0,0,0,0,0
participaban,0,0,0,0,0
participación,0,0,0,0,0
participan,0,0,0,0,0
participantes,0,0,0,0,0
participar,0,0,0,0,0
participaron,0,0,0,0,0
participe,0,0,0,0,0
participó,0,0,0,0,0
particular,0,0,0,0,0
particularmente,0,0,0,0,0
partido,0,0,0,0,0
partidos,0,0,0,0,0
partir,0,0,0,0,0
partió,0,0,0,0,0
parto,0,0,0,0,0
pasada,0,0,0,0,0
pasadas,0,0,0,0,0
pasado,0,0,0,0,0
pasan,0,0,0,0,0
pasando,0,0,0,0,0
pasar,0,0,0,0,0
pasaría,0,0,0,0,0
pase,0,0,0,0,0
paseo,0,0,0,0,0
paso,0,0,0,0,0
pastoral,0,0,0,0,0
pasó,0,0,0,0,0
patrimonio,0,0,0,0,0
patrocinada,0,0,0,0,0
patrones,0,0,0,0,0
patrón,0,0,0,0,0
paulo,0,0,0,0,0
paz,0,0,0,0,0
país,0,1.0,0,0,0
países,0,0,0,0,0
pederastas,0,0,0,0,0
pederastia,0,0,0,0,0
pedir,0,0,0,0,0
pedí,0,0,0,0,0
pegan,0,0,0,0,0
pekín,0,0,0,0,0
peleando,0,0,0,0,0
peleas,0,0,0,0,0
peligra,0,0,0,0,0
peligroso,0,0,0,0,0
pemex,0,0,0,0,0
pena,0,0,0,0,0
penal,0,0,0,0,0
penas,0,0,0,0,0
penitencia,0,0,0,0,0
pensamos,0,0,0,0,0
pensión,0,0,0,0,0
pensó,0,0,0,0,0
pentágono,0,0,0,0,0
península,0,0,0,0,0
pequeño,0,0,0,0,0
pequeños,0,0,0,0,0
percepción,0,0,0,0,0
perderse,0,0,0,0,0
perdido,0,0,0,0,0
perdieron,0,0,0,0,0
perdón,0,0,0,0,0
perfecto,0,0,0,0,0
perfil,0,0,0,0,0
periodismo,0,0,0,0,0
periodista,0,0,0,0,0
periodistas,0,0,0,0,0
periodo,0,0,0,0,0
periodística,0,0,0,0,0
periodísticas,0,0,0,0,0
periodístico,0,0,0,0,0
periódico,0,0,0,0,0
periódicos,0,0,0,0,0
perjudicado,0,0,0,0,0
permanecerá,0,0,0,0,0
permanente,0,0,0,0,0
permanentes,0,0,0,0,0
permita,0,0,0,0,0
permite,0,0,0,0,0
permiten,0,0,0,0,0
permitir,0,0,0,0,0
permitirá,0,0,0,0,0
permitirán,0,0,0,0,0
permitiría,0,0,0,0,0
permito,0,0,0,0,0
perpetrado,0,0,0,0,0
perros,0,0,0,0,0
persa,0,0,0,0,0
perseguida,0,0,0,0,0
perseguir,0,0,0,0,0
persona,0,0,0,0,0
personas,0,0,0,0,0
persuadir,0,0,0,0,0
pertenecen,0,0,0,0,0
pertenecer,0,0,0,0,0
pertenecientes,0,0,0,0,0
pertenecía,0,0,0,0,0
período,0,0,0,0,0
pesaba,0,0,0,0,0
pesando,0,0,0,0,0
pesar,0,0,0,0,0
peschard,0,0,0,0,0
pese,0,0,0,0,0
pesos,0,0,0,0,0
petición,0,0,0,0,0
petróleo,0,0,0,0,0
petróleos,0,0,0,0,0
peña,0,0,0,0,0
pfp,0,0,0,0,0
pgj,0,0,0,0,0
pgjdf,0,0,0,0,0
pgr,0,0,0,0,0
phoenix,0,0,0,0,0
pide,0,0,0,0,0
pidió,0,0,0,0,0
pie,0,0,0,0,0
pieza,0,0,0,0,0
pinheiro,0,0,0,0,0
pintar,0,0,0,0,0
pipa,0,0,0,0,0
pistas,0,0,0,0,0
plan,0,0,0,0,0
plana,0,0,0,0,0
plancarte,0,0,0,0,0
planes,0,0,0,0,0
planta,0,0,0,0,0
plantea,0,0,0,0,0
plantear,0,0,0,0,0
plataforma,0,0,0,0,0
plataformas,0,0,0,0,0
plazo,0,0,0,0,0
pleito,0,0,0,0,0
pleno,0,0,0,0,0
población,0,0,0,0,0
pocos,0,0,0,0,0
poder,0,0,0,0,0
poderes,0,0,0,0,0
poderosas,0,0,0,0,0
poderosos,0,0,0,0,0
poderío,0,0,0,0,0
podrá,0,0,0,0,0
podrán,0,0,0,0,0
podría,0,0,0,0,0
podríamos,0,0,0,0,0
podrían,0,0,0,0,0
podía,0,0,0,0,0
policía,0,0,0,0,0
polimnia,0,0,0,0,0
pollo,0,0,0,0,0
polo,0,0,0,0,0
polonia,0,0,0,0,0
política,0,0,0,0,0
políticamente,0,0,0,0,0
políticas,0,0,0,0,0
político,0,0,0,0,0
políticos,0,0,0,0,0
pondría,0,0,0,0,0
poner,0,0,0,0,0
pontificado,0,0,0,0,0
pontífice,0,0,0,0,0
ponía,0,0,0,0,0
popular,0,0,0,0,0
porcentaje,0,0,0,0,0
porqué,0,0,0,0,0
porta,0,0,0,0,0
portal,0,0,0,0,0
portaron,0,0,0,0,0
portarse,0,0,0,0,0
portavoz,0,0,0,0,0
portillo,0,0,0,0,0
porviolaciones,0,0,0,0,0
posesión,0,0,0,0,0
posibilidad,0,0,0,0,0
posible,0,0,0,0,0
posiblemente,0,0,0,0,0
posibles,0,0,0,0,0
posiciones,0,0,0,0,0
posición,0,0,0,0,0
positivas,0,0,0,0,0
positivos,0,0,0,0,0
post,0,0,0,0,0
posteriormente,0,0,0,0,0
postura,0,0,0,0,0
potencia,0,0,0,0,0
potenciales,0,0,0,0,0
prd,0,0,0,0,0
precariedad,0,0,0,0,0
precio,0,0,0,0,0
precios,0,0,0,0,0
precisa,0,0,0,0,0
precisamente,0,0,0,0,0
precisar,0,0,0,0,0
precisó,0,0,0,0,0
prefecto,0,0,0,0,0
preferencia,0,0,0,0,0
preguntó,0,0,0,0,0
prelado,0,0,0,0,0
preliminares,0,0,0,0,0
preludio,0,0,0,0,0
prensa,0,0,0,0,0
prensalas,0,0,0,0,0
preocupado,0,0,0,0,0
preocupan,0,0,0,0,0
preparados,0,0,0,0,0
preponderancia,0,0,0,0,0
preponderante,0,0,0,0,0
preponderantes,0,0,0,0,0
presencia,0,0,0,0,0
presenta,0,0,0,0,0
presentaciones,0,0,0,0,0
presentación,0,0,0,0,0
presentada,0,0,0,0,0
presentadas,0,0,0,0,0
presentado,0,0,0,0,0
presentar,0,0,0,0,0
presentaron,0,0,0,0,0
presentará,0,0,0,0,0
presente,0,0,0,0,0
presenten,0,0,0,0,0
presentes,0,0,0,0,0
presentó,0,0,0,0,0
preservar,0,0,0,0,0
presidencia,0,0,0,0,0
presidenciales,0,0,0,0,0
presidenta,0,0,0,0,0
presidente,0,0,0,0,0
presionar,0,0,0,0,0
presionarlo,0,0,0,0,0
preso,0,0,0,0,0
press,0,0,0,0,0
presta,0,0,0,0,0
prestación,0,0,0,0,0
prestanombres,0,0,0,0,0
presume,0,0,0,0,0
presumen,0,0,0,0,0
presunta,0,0,0,0,0
presuntas,0,0,0,0,0
presunto,0,0,0,0,0
presupuestales,0,0,0,0,0
pretenda,0,0,0,0,0
pretende,0,0,0,0,0
prevalecía,0,0,0,0,0
prevenir,0,0,0,0,0
preventiva,0,0,0,0,0
previa,0,0,0,0,0
previamente,0,0,0,0,0
prevista,0,0,0,0,0
prevé,0,0,0,0,0
pri,0,0,0,0,0
priista,0,0,0,0,0
priistas,0,0,0,0,0
primavera,0,0,0,0,0
primer,0,0,0,0,0
primera,0,0,0,0,0
primeramente,0,0,0,0,0
primeras,0,0,0,0,0
primero,0,0,0,0,0
principal,0,0,0,0,0
principales,0,0,0,0,0
principio,0,0,0,0,0
principios,0,0,0,0,0
prisión,0,0,0,0,0
priva,0,0,0,0,0
privada,0,0,0,0,0
privados,0,0,0,0,0
privilegiando,0,0,0,0,0
pro,0,0,0,0,0
probable,0,0,0,0,0
probablemente,0,0,0,0,0
probables,0,0,0,0,0
problema,0,0,0,0,0
problemas,0,0,0,0,0
procedimiento,0,0,0,0,0
procesable,0,0,0,0,0
procesados,0,0,0,0,0
procesarlo,0,0,0,0,0
procese,0,0,0,0,0
proceso,0,0,0,0,0
procesó,0,0,0,0,0
procreado,0,0,0,0,0
procurador,0,0,0,0,0
procuraduría,0,0,0,0,0
producción,0,0,0,0,0
producto,0,0,0,0,0
productores,0,0,0,0,0
produzca,0,0,0,0,0
profesional,0,0,0,0,0
profesor,0,0,0,0,0
profundamente,0,0,0,0,0
profundas,0,0,0,0,0
profundidad,0,0,0,0,0
programa,0,0,0,0,0
programación,0,0,0,0,0
progubernamental,0,0,0,0,0
prohibición,0,0,0,0,0
prohibido,0,0,0,0,0
prohibieron,0,0,0,0,0
prohibir,0,0,0,0,0
prohibió,0,0,0,0,0
prohíba,0,0,0,0,0
prohíbe,0,0,0,0,0
promedio,0,0,0,0,0
prometido,0,0,0,0,0
prometió,0,0,0,0,0
promoción,0,0,0,0,0
promotores,0,0,0,0,0
promover,0,0,0,0,0
promoviendo,0,0,0,0,0
promovían,0,0,0,0,0
promueve,0,0,0,0,0
pronosticó,0,0,0,0,0
pronto,0,0,0,0,0
propaganda,0,0,0,0,0
propia,0,0,0,0,0
propiamente,0,0,0,0,0
propiciado,0,0,0,0,0
propiedad,0,0,0,0,0
propietario,0,0,0,0,0
propio,0,0,0,0,0
propios,0,0,0,0,0
propone,0,0,0,0,0
proponen,0,0,0,0,0
proponía,0,0,0,0,0
proporcionado,0,0,0,0,0
propuesta,0,0,0,0,0
propuestas,0,0,0,0,0
propuso,0,0,0,0,0
propósito,0,0,0,0,0
prorrusas,0,0,0,0,0
prorruso,0,0,0,0,0
prorrusos,0,0,0,0,0
prosperidad,0,0,0,0,0
protección,0,0,0,0,0
protege,0,0,0,0,0
proteger,0,0,0,0,0
protegidas,0,0,0,0,0
protegido,0,0,0,0,0
protesta,0,0,0,0,0
protestado,0,0,0,0,0
protestas,0,0,0,0,0
protocolo,0,0,0,0,0
protocolos,0,0,0,0,0
provee,0,0,0,0,0
provenientes,0,0,0,0,0
provincias,0,0,0,0,0
provisional,0,0,0,0,0
proyecto,0,0,0,0,0
proyectos,0,0,0,0,0
prueba,0,0,0,0,0
pruebas,0,0,0,0,0
práctica,0,0,0,0,0
prácticamente,0,0,0,0,0
prácticas,0,0,0,0,0
próxima,0,0,0,0,0
próximamente,0,0,0,0,0
próximas,0,0,0,0,0
próximo,0,0,0,0,0
próximos,0,0,0,0,0
psuv,0,0,0,0,0
publica,0,0,0,0,0
publicada,0,0,0,0,0
publicado,0,0,0,0,0
publicar,0,0,0,0,0
publicaron,0,0,0,0,0
publicidad,0,0,0,0,0
publicó,0,0,0,0,0
publique,0,0,0,0,0
pudieron,0,0,0,0,0
pudo,0,0,0,0,0
pueblo,0,0,0,0,0
pueda,0,0,0,0,0
puedan,0,0,0,0,0
puede,0,0,0,0,0
pueden,0,0,0,0,0
puedes,0,0,0,0,0
puedo,0,0,0,0,0
puertas,0,0,0,0,0
puerto,0,0,0,0,0
pues,0,0,0,0,0
puesto,0,0,0,0,0
puestos,0,0,0,0,0
pulso,0,0,0,0,0
punto,0,0,0,0,0
puntualizó,0,0,0,0,0
pusieron,0,0,0,0,0
puso,0,0,0,0,0
putin,0,0,0,0,1.0
putín,0,0,0,0,0
puñal,0,0,0,0,0
pvem,0,0,0,0,0
página,0,0,0,0,0
páginas,0,0,0,0,0
pública,0,0,0,0,0
públicamente,0,0,0,0,0
públicas,0,0,0,0,0
público,0,0,0,0,0
públicos,0,0,0,0,0
quedan,0,0,0,0,0
quedar,0,0,0,0,0
quedará,0,0,0,0,0
quede,0,0,0,0,0
quedó,0,0,0,0,0
queja,0,0,0,0,0
quejan,0,0,0,0,0
quejoseph,0,0,0,0,0
quejó,0,0,0,0,0
quenazario,0,0,0,0,0
quepodría,0,0,0,0,0
queremos,0,0,0,0,0
querétaro,0,0,0,0,0
quería,0,0,0,0,0
quiera,0,0,0,0,0
quieran,0,0,0,0,0
quiere,0,0,0,0,0
quieren,0,0,0,0,0
quijano,0,0,0,0,0
quintero,0,0,0,0,0
quisieron,0,0,0,0,0
quitarles,0,0,0,0,0
quitaría,0,0,0,0,0
quitándole,0,0,0,0,0
quizá,0,0,0,0,0
quiénes,0,0,0,0,0
rabo,0,0,0,0,0
radical,0,0,0,0,0
radio,0,0,0,0,0
radiodifusión,0,0,0,0,0
rafael,0,0,0,0,0
raqqah,0,0,0,0,0
rastreo,0,0,0,0,0
ratificado,0,0,0,0,0
ratificó,0,0,0,0,0
ratzinger,0,0,0,0,0
ravi,0,0,0,0,0
ravneet,0,0,0,0,0
razones,0,0,0,0,0
razón,0,0,0,0,0
reaccionan,0,0,0,0,0
reaccionar,0,0,0,0,0
reafirmaron,0,0,0,0,0
real,0,0,0,0,0
realidad,0,0,0,0,0
realiza,0,0,0,0,0
realizaba,0,0,0,0,0
realizadas,0,0,0,0,0
realizado,0,0,0,0,0
realizan,0,0,0,0,0
realizando,0,0,0,0,0
realizar,0,0,0,0,0
realizaron,0,0,0,0,0
realizará,0,0,0,0,0
realizó,0,0,0,0,0
realmente,0,0,0,0,0
recabaron,0,0,0,0,0
rechaza,0,0,0,0,0
rechazada,0,0,0,0,0
rechazado,0,0,0,0,0
rechazar,0,0,0,0,0
rechazaron,0,0,0,0,0
rechazo,0,0,0,0,0
rechazó,0,0,0,0,0
reciban,0,0,0,0,0
reciben,0,0,0,0,0
recibida,0,0,0,0,0
recibido,0,0,0,0,0
recibieron,0,0,0,0,0
recibir,0,0,0,0,0
recibirlo,0,0,0,0,0
recibió,0,0,0,0,0
reciente,0,0,0,0,0
recientemente,0,0,0,0,0
recientes,0,0,0,0,0
recinto,0,0,0,0,0
recién,0,0,0,0,0
reclaman,0,0,0,0,0
reclamen,0,0,0,0,0
reclamos,0,0,0,0,0
recluido,0,0,0,0,0
recomendaciones,0,0,0,0,0
recomendamos,0,0,0,0,0
recomponer,0,0,0,0,0
reconoce,0,0,0,0,0
reconocer,0,0,0,0,0
reconocidas,0,0,0,0,0
reconocido,0,0,0,0,0
reconociera,0,0,0,0,0
reconocieron,0,0,0,0,0
reconocimiento,0,0,0,0,0
reconoció,0,0,0,0,0
reconocióque,0,0,0,0,0
reconozcan,0,0,0,0,0
reconsiderar,0,0,0,0,0
reconstruir,0,0,0,0,0
recordó,0,0,0,0,0
recorrido,0,0,0,0,0
rectifica,0,0,0,0,0
recuerdan,0,0,0,0,0
recuperar,0,0,0,0,0
recurrente,0,0,0,0,0
recurso,0,0,0,0,0
recursos,0,0,0,0,0
red,0,0,0,0,0
redada,0,0,0,0,0
redes,0,0,0,0,0
reducen,0,0,0,0,0
reducidos,0,0,0,0,0
reducir,0,0,0,0,0
reestructure,0,0,0,0,0
referencia,0,0,0,0,0
referendo,0,0,0,0,0
referido,0,0,0,0,0
referir,0,0,0,0,0
referirse,0,0,0,0,0
referéndum,0,0,0,0,0
refería,0,0,0,0,0
refiere,0,0,0,0,0
refirió,0,0,0,0,0
reflexionar,0,0,0,0,0
reflujo,0,0,0,0,0
reforma,0,0,0,0,0
reformar,0,0,0,0,0
reformas,0,0,0,0,0
reforzamiento,0,0,0,0,0
refugiados,0,0,0,0,0
regida,0,0,0,0,0
regidoras,0,0,0,0,0
regino,0,0,0,0,0
regionales,0,0,0,0,0
registrado,0,0,0,0,0
registran,0,0,0,0,0
registraron,0,0,0,0,0
registrarse,0,0,0,0,0
región,0,0,0,0,0
reglamentaria,0,0,0,0,0
reglamentarias,0,0,0,0,0
reglamento,0,0,0,0,0
reglas,0,0,0,0,0
regresa,0,0,0,0,0
regula,0,0,0,0,0
reguladora,0,0,0,0,0
regular,0,0,0,0,0
regule,0,0,0,0,0
rehabilitación,0,0,0,0,0
reino,0,0,0,0,0
reitera,0,0,0,0,0
reiteró,0,0,0,0,0
rejilla,0,0,0,0,0
relacionados,0,0,0,0,0
relaciones,0,0,0,0,0
relación,0,0,0,0,0
religiosa,0,0,0,0,0
religioso,0,0,0,0,0
relojes,0,0,0,0,0
rememora,0,0,0,0,0
remita,0,0,0,0,0
removió,0,0,0,0,0
rendición,0,0,0,0,0
renunciar,0,0,0,0,0
repartía,0,0,0,0,0
reporta,0,0,0,0,0
reporte,0,0,0,0,0
reportero,0,0,0,0,0
reporteros,0,0,0,0,0
reportes,0,0,0,0,0
reportó,0,0,0,0,0
representa,0,0,0,0,0
representantes,0,0,0,0,0
represivos,0,0,0,0,0
reproducidas,0,0,0,0,0
republicana,0,0,0,0,0
republicanos,0,0,0,0,0
república,0,0,0,0,0
requeriría,0,0,0,0,0
requieran,0,0,0,0,0
resaltó,0,0,0,0,0
rescatado,0,0,0,0,0
rescataron,0,0,0,0,0
rescate,0,0,0,0,0
resguardadas,0,0,0,0,0
residencial,0,0,0,0,0
residentes,0,0,0,0,0
resolución,0,0,0,0,0
resolutivo,0,0,0,0,0
resolver,0,0,0,0,0
resolviendo,0,0,0,0,0
respaldada,0,0,0,0,0
respectiva,0,0,0,0,0
respectivo,0,0,0,0,0
respecto,0,0,0,0,0
respete,0,0,0,0,0
respeto,0,0,0,0,0
responde,0,0,0,0,0
responder,0,0,0,0,0
respondió,0,0,0,0,0
responsabilice,0,0,0,0,0
responsabilidad,0,0,0,0,0
responsable,0,0,0,0,0
responsables,0,0,0,0,0
respuesta,0,0,0,0,0
respuestas,0,0,0,0,0
restos,0,0,0,0,0
restricciones,0,0,0,0,0
restricción,0,0,0,0,0
restringe,0,0,0,0,0
restringida,0,0,0,0,0
resulta,0,0,0,0,0
resultado,0,0,0,0,0
resultados,0,0,0,0,0
retirado,0,0,0,0,0
retirarse,0,0,0,0,0
retiro,0,0,0,0,0
retomar,0,0,0,0,0
retransmisión,0,0,0,0,0
retrasado,0,0,0,0,0
retroceso,0,0,0,0,0
reunidos,0,0,0,0,0
reunificación,0,0,0,0,0
reuniones,0,0,0,0,0
reunir,0,0,0,0,0
reunió,0,0,0,0,0
reunión,0,0,0,0,0
revela,0,0,0,0,0
reveló,0,0,0,0,0
revertir,0,0,0,0,0
revisar,0,0,0,0,0
revisión,0,0,0,0,0
revocación,0,0,0,0,0
revocar,0,0,0,0,0
revocaría,0,0,0,0,0
revolucionarios,0,0,0,0,0
ria,0,0,0,0,0
ricardo,0,0,0,0,0
richard,0,0,0,0,0
ridríguez,0,0,0,0,0
riesgo,0,0,0,0,0
rigen,0,0,0,0,0
rigor,0,0,0,0,0
rindieron,0,0,0,0,0
rito,0,0,0,0,0
ritual,0,0,0,0,0
robar,0,0,0,0,0
robará,0,0,0,0,0
roberto,0,0,0,0,0
rock,0,0,0,0,0
rodríguez,0,0,0,0,0
roger,0,0,0,0,0
rogozin,0,0,0,0,0
rol,0,0,0,0,0
romana,0,0,0,0,0
rompecabezas,0,0,0,0,0
romper,0,0,0,0,0
rompiendo,0,0,0,0,0
rompuy,0,0,0,0,0
ros,0,0,0,0,0
ruana,0,0,0,0,0
rubricó,0,0,0,0,0
ruiz,0,0,0,0,0
rumores,0,0,0,0,0
rusa,0,0,0,0,0
rusas,0,0,0,0,0
rusia,0,0,0,0,1.0
ruso,0,0,0,0,0
rusos,0,0,0,0,0
régimen,0,0,0,0,0
ríe,0,0,0,0,0
río,0,0,0,0,0
s,0,0,0,0,0
sabe,0,0,0,0,0
sabemos,0,0,0,0,0
saber,0,0,0,0,0
sabiendas,0,0,0,0,0
sabía,0,0,0,0,0
sacar,0,0,0,0,0
sacerdotal,0,0,0,0,0
sacerdote,0,0,0,0,0
sacerdotes,0,0,0,0,0
salario,0,0,0,0,0
salas,0,0,0,0,0
saldo,0,0,0,0,0
salida,0,0,0,0,0
salido,0,0,0,0,0
salieron,0,0,0,0,0
salir,0,0,0,0,0
salió,0,0,0,0,0
salpicaron,0,0,0,0,0
salpicó,0,0,0,0,0
salud,0,0,0,0,0
saludó,0,0,0,0,0
salvador,0,0,0,0,0
salía,0,0,0,0,0
san,0,0,0,0,0
sanciona,0,0,0,0,0
sancionados,0,0,0,0,0
sancionar,0,0,0,0,0
sancione,0,0,0,0,0
sanciones,0,0,0,0,0
sanitaria,0,0,0,0,0
sanitarios,0,0,0,0,0
santa,0,0,0,0,0
santillán,0,0,0,0,0
sat,0,0,0,0,0
satelital,0,0,0,0,0
satelitales,0,0,0,0,0
satélite,0,0,0,0,0
saviano,0,0,0,0,0
scott,0,0,0,0,0
sct,0,0,0,0,0
sebastopol,0,0,0,0,0
secretamente,0,0,0,0,0
secretario,0,0,0,0,0
secretaría,0,0,0,0,0
sector,0,0,0,0,0
sectores,0,0,0,0,0
secuestrados,0,0,0,0,0
secuestran,0,0,0,0,0
secuestros,0,0,0,0,0
seculares,0,0,0,0,0
secundaria,0,0,0,0,0
secundarias,0,0,0,0,0
sede,0,0,0,0,0
sedena,0,0,0,0,0
seguimiento,0,0,0,0,0
seguir,0,0,0,0,0
seguirá,0,0,0,0,0
seguirán,0,0,0,0,0
segunda,0,0,0,0,0
segundo,0,0,0,0,0
seguramente,0,0,0,0,0
seguridad,0,0,0,0,0
seguro,0,0,0,0,0
según,0,0,0,0,0
semana,0,0,0,0,0
semanas,0,0,0,0,0
sempra,0,0,0,0,0
senado,0,0,0,0,0
senador,0,0,0,0,0
senadores,0,0,0,0,0
sentando,0,0,0,0,0
sentencia,0,0,0,0,0
sentenciada,0,0,0,0,0
sentenció,0,0,0,0,0
sentido,0,0,0,0,0
sentidos,0,0,0,0,0
sentirse,0,0,0,0,0
sepa,0,0,0,0,0
separadas,0,0,0,0,0
separarse,0,0,0,0,0
separos,0,0,0,0,0
septiembre,0,0,0,0,0
ser,0,0,0,0,0
sera,0,0,0,0,0
serbia,0,0,0,0,0
sergei,0,0,0,0,0
sergey,0,0,0,0,0
serguéi,0,0,0,0,0
serhiy,0,0,0,0,0
seria,0,0,0,0,0
serie,0,0,0,0,0
servicio,0,0,0,0,0
servicios,0,1.0,0,0,0
sesión,0,0,0,0,0
severa,0,0,0,0,0
sexenio,0,0,0,0,0
sexenios,0,0,0,0,0
sexto,0,0,0,0,0
sexual,0,0,0,0,0
sexuales,0,0,0,0,0
sexualmente,0,0,0,0,0
señal,0,0,0,0,0
señala,0,0,0,0,0
señalaban,0,0,0,0,0
señaladas,0,0,0,0,0
señalado,0,0,0,0,0
señalan,0,0,0,0,0
señalarlo,0,0,0,0,0
señaló,0,0,0,0,0
sg,0,0,0,0,0
shaanxi,0,0,0,0,0
shcp,0,0,0,0,0
si,0,0,0,0,0
siempre,0,0,0,0,0
siente,0,0,0,0,0
siento,0,0,0,0,0
siete,0,0,0,0,0
siga,0,0,0,0,0
sigilosamente,0,0,0,0,0
siglas,0,0,0,0,0
siglo,0,0,0,0,0
signaron,0,0,0,0,0
significa,0,0,0,0,0
signos,0,0,0,0,0
signó,0,0,0,0,0
sigo,0,0,0,0,0
sigrid,0,0,0,0,0
sigue,0,0,0,0,0
siguen,0,0,0,0,0
siguiente,0,0,0,0,0
silencio,0,0,0,0,0
simboliza,0,0,0,0,0
simbólica,0,0,0,0,0
simbólico,0,0,0,0,0
similares,0,0,0,0,0
simplemente,0,0,0,0,0
simulacro,0,0,0,0,0
simular,0,0,0,0,0
simón,0,0,0,0,0
sinaloa,0,0,0,0,0
singh,0,0,0,0,0
sino,0,0,0,0,0
siria,0,0,0,0,0
sirio,0,0,0,0,0
sirios,0,0,0,0,0
sistema,0,0,0,0,0
sistemas,0,0,0,0,0
sitiadas,0,0,0,0,0
sitios,0,0,0,0,0
situaciones,0,0,0,0,0
situación,0,0,0,0,0
slim,0,0,0,0,0
slutsky,0,0,0,0,0
snowden,0,0,0,0,0
soberanía,0,0,0,0,0
sobornos,0,0,0,0,0
sobras,0,0,0,0,0
sobresale,0,0,0,0,0
sobrevivencia,0,0,0,0,0
sobrevivir,0,0,0,0,0
sobrino,0,0,0,0,0
sochi,0,0,0,0,0
social,0,0,0,0,0
socialaprobadas,0,0,0,0,0
sociales,0,0,0,0,0
socialista,0,0,0,0,0
socialistas,0,0,0,0,0
sociedad,0,0,0,0,0
socios,0,0,0,0,0
sogams,0,0,0,0,0
solamente,0,0,0,0,0
soldados,0,0,0,0,0
solicita,0,0,0,0,0
solicitud,0,0,0,0,0
solicitudes,0,0,0,0,0
solicitó,0,0,0,0,0
solidarias,0,0,0,0,0
solo,0,0,0,0,0
soluciones,0,0,0,0,0
solución,0,0,0,0,0
sometió,0,0,0,0,0
sopa,0,0,0,0,0
sordos,0,0,0,0,0
sorprende,0,0,0,0,0
sorpresiva,0,0,0,0,0
sorpresivo,0,0,0,0,0
sospechosos,0,0,0,0,0
sostenían,0,0,0,0,0
sostienen,0,0,0,0,0
sostuvieron,0,0,0,0,0
sostuvo,0,0,0,0,0
south,0,0,0,0,0
soviética,0,0,0,0,0
sub,0,0,0,0,0
subcuenta,0,0,0,0,0
subieran,0,0,0,0,0
subray,0,0,0,0,0
subraya,0,0,0,0,0
subrayó,0,0,0,0,0
subsanar,0,0,0,0,0
sucediendo,0,0,0,0,0
suficiente,0,0,0,0,0
suficientes,0,0,0,0,0
sufragios,0,0,0,0,0
sufren,0,0,0,0,0
sufría,0,0,0,0,0
sugerencias,0,0,0,0,0
suman,0,0,0,0,0
sume,0,0,0,0,0
sumo,0,0,0,0,0
sumó,0,0,0,0,0
superen,0,0,0,0,0
superficie,0,0,0,0,0
superior,0,0,0,0,0
superman,0,0,0,0,0
suprema,0,0,0,0,0
supuesto,0,0,0,0,0
supuestos,0,0,0,0,0
sur,0,0,0,0,0
surge,0,0,0,0,0
surkov,0,0,0,0,0
suroeste,0,0,0,0,0
suscrito,0,0,0,0,0
suspendieron,0,0,0,0,0
suspendió,0,0,0,0,0
suspensión,0,0,0,0,0
sustancial,0,0,0,0,0
susumo,0,0,0,0,0
sydney,0,0,0,0,0
sánchez,0,0,0,0,0
sé,0,0,0,0,0
síndrome,0,0,0,0,0
sínodo,0,0,0,0,0
sólo,0,0,0,0,0
súperman,0,0,0,0,0
súperpoderes,0,0,0,0,0
taiwán,0,0,0,0,0
tal,0,0,0,0,0
tales,0,0,0,0,0
tamaño,0,0,0,0,0
tambien,0,0,0,0,0
tampoco,0,0,0,0,0
tan,0,0,0,0,0
tarde,0,0,0,0,0
tarifas,0,0,0,0,0
tarjeta,0,0,0,0,0
tarjetas,0,0,0,0,0
tasas,0,0,0,0,0
tass,0,0,0,0,0
tecnología,0,0,0,0,0
tecnologías,0,0,0,0,0
tecnológicas,0,0,0,0,0
tecnológicos,0,0,0,0,0
telecom,0,0,0,0,0
telecomunicaciones,1.0,0,0,0,0
telefónica,0,0,0,0,0
telefónicas,0,0,0,0,0
telefónico,0,0,0,0,0
televisa,0,0,0,0,0
televisión,0,0,0,0,0
televisora,0,0,0,0,0
televisoras,0,1.0,0,0,0
telmex,0,0,0,0,0
teléfonos,0,0,0,0,0
tema,0,0,0,0,0
temas,0,0,0,0,0
temo,0,0,0,0,0
templarios,0,0,0,0,0
templariosextraían,0,0,0,0,0
tendencia,0,0,0,0,0
tendido,0,0,0,0,0
tener,0,0,0,0,0
tensiones,0,0,0,0,0
tensión,0,0,0,0,0
tercer,0,0,0,0,0
tercera,0,0,0,0,0
terceras,0,0,0,0,0
terceros,0,0,0,0,0
tergiversa,0,0,0,0,0
termina,0,0,0,0,0
terminar,0,0,0,0,0
terminara,0,0,0,0,0
terminen,0,0,0,0,0
terreno,0,0,0,0,0
terrenos,0,0,0,0,0
terrestre,0,0,0,0,0
terribles,0,0,0,0,0
territorial,0,0,0,0,0
territorio,0,0,0,0,0
territorios,0,0,0,0,0
territotio,0,0,0,0,0
testigo,0,0,0,0,0
testigos,0,0,0,0,0
testigoy,0,0,0,0,0
testimonio,0,0,0,0,0
testimonios,0,0,0,0,0
texto,0,0,0,0,0
textos,0,0,0,0,0
tfm,0,0,0,0,0
the,0,0,0,0,0
tiempo,0,0,0,0,0
tiempos,0,0,0,0,0
tierra,0,0,0,0,0
times,0,0,0,0,0
timo,0,0,0,0,0
tintes,0,0,0,0,0
tipificada,0,0,0,0,0
tipificar,0,0,0,0,0
tipo,0,0,0,0,0
tiro,0,0,0,0,0
titular,0,0,0,0,0
to,0,0,0,0,0
tocar,0,0,0,0,0
toda,0,0,0,0,0
todas,0,0,0,0,0
toluca,0,0,0,0,0
toma,0,0,0,0,0
tomadas,0,0,0,0,0
toman,0,0,0,0,0
tomando,0,0,0,0,0
tomara,0,0,0,0,0
tomaron,0,0,0,0,0
tomen,0,0,0,0,0
toneladas,0,0,0,0,0
tony,0,0,0,0,0
topo,0,0,0,0,0
torno,0,0,0,0,0
torres,0,0,0,0,0
tortura,0,0,0,0,0
total,0,0,0,0,0
trabajado,0,0,0,0,0
trabajador,0,0,0,0,0
trabajadores,0,0,0,0,0
trabajando,0,0,0,0,0
trabajar,0,0,0,0,0
trabajo,0,0,0,0,0
track,0,0,0,0,0
trade,0,0,0,0,0
tradicional,0,0,0,0,0
traficantes,0,0,0,0,0
traficar,0,0,0,0,0
traición,0,0,0,0,0
tranquilo,0,0,0,0,0
transacciones,0,0,0,0,0
transexual,0,0,0,0,0
transferencias,0,0,0,0,0
transforman,0,0,0,0,0
transitorio,0,0,0,0,0
transitorios,0,0,0,0,0
transmisión,0,0,0,0,0
transparencia,0,0,0,0,0
transparente,0,0,0,0,0
transportados,0,0,0,0,0
transportar,0,0,0,0,0
transporte,0,0,0,0,0
transportes,0,0,0,0,0
tras,0,0,0,0,0
trascendido,0,0,0,0,0
trasladado,0,0,0,0,0
trasladan,0,0,0,0,0
traslado,0,0,0,0,0
trasnacional,0,0,0,0,0
trata,0,0,0,0,0
tratado,0,0,0,0,0
tratados,0,0,0,0,0
tratan,0,0,0,0,0
tratando,0,0,0,0,0
tratara,0,0,0,0,0
trataran,0,0,0,0,0
trato,0,0,0,0,0
trató,0,0,0,0,0
través,0,0,0,0,0
trayectoria,0,0,0,0,0
trenes,0,0,0,0,0
tres,0,0,0,0,0
triangulación,0,0,0,0,0
triangulado,0,0,0,0,0
tribunal,0,0,0,0,0
tribune,0,0,0,0,0
tributaria,0,0,0,0,0
trigal,0,0,0,0,0
tripartita,0,0,0,0,0
tripartito,0,0,0,0,0
tristeza,0,0,0,0,0
triunfado,0,0,0,0,0
tropas,0,0,0,0,0
truss,0,0,0,0,0
tráfico,0,0,0,0,0
turca,0,0,0,0,0
turismo,0,0,0,0,0
turquía,0,0,0,0,0
tv,0,0,0,0,0
twitter,0,0,0,0,0
tártaro,0,0,0,0,0
tártaros,0,0,0,0,0
técnico,0,0,0,0,0
término,0,0,0,0,0
términos,0,0,0,0,0
título,0,0,0,0,0
uanl,0,0,0,0,0
ubicaciones,0,0,0,0,0
ubicación,0,0,0,0,0
ubicada,0,0,0,0,0
ucrania,0,0,0,0,0
ucraniana,0,0,0,0,0
ucranianas,0,0,0,0,0
ucraniano,0,0,0,0,0
ucranianos,0,0,0,0,0
ucranio,0,0,0,0,0
ue,0,0,0,0,0
umbral,0,0,0,0,0
unam,0,0,0,0,0
unas,0,0,0,0,0
une,0,0,0,0,0
unicameral,0,0,0,0,0
unidad,0,0,0,0,0
unidades,0,0,0,0,0
unidas,0,0,0,0,0
unido,0,0,0,0,0
unidos,0,0,0,0,0
unilateral,0,0,0,0,0
union,0,0,0,0,0
uniones,0,0,0,0,0
universal,0,0,0,0,0
universidad,0,0,0,0,0
universitarios,0,0,0,0,0
unió,0,0,0,0,0
unión,0,0,0,0,0
unánime,0,0,0,0,0
urbano,0,0,0,0,0
urge,0,0,0,0,0
urgente,0,0,0,0,0
usaba,0,0,0,0,0
usadas,0,0,0,0,0
usado,0,0,0,0,0
usan,0,0,0,0,0
usar,0,0,0,0,0
usarse,0,0,0,0,0
usará,0,0,0,0,0
usen,0,0,0,0,0
uso,0,0,0,0,0
usted,0,0,0,0,0
usuarios,0,0,0,0,0
utilice,0,0,0,0,0
utilicen,0,0,0,0,0
utiliza,0,0,0,0,0
utilizados,0,0,0,0,0
utilizan,0,0,0,0,0
utilizar,0,0,0,0,0
utilizaron,0,0,0,0,0
utilizarían,0,0,0,0,0
va,0,0,0,0,0
valencia,0,0,0,0,0
valentina,0,0,0,0,0
valeri,0,0,0,0,0
valiente,0,0,0,0,0
valió,0,0,0,0,0
valor,0,0,0,0,0
valora,0,0,0,0,0
vamos,0,0,0,0,0
van,0,0,0,0,0
varias,0,0,0,0,0
varios,0,0,0,0,0
varones,0,0,0,0,0
vaticano,0,0,0,0,0
vaya,0,0,0,0,0
veamos,0,0,0,0,0
veces,0,0,0,0,0
vecindad,0,0,0,0,0
vecino,0,0,0,0,0
vecinos,0,0,0,0,0
velo,0,0,0,0,0
velocidad,0,0,0,0,0
ven,0,0,0,0,0
venden,0,0,0,0,0
vender,0,0,0,0,0
vendieron,0,0,0,0,0
vendió,0,0,0,0,0
venezolana,0,0,0,0,0
venezolano,0,0,0,0,0
venezolanos,0,0,0,0,0
venezuela,0,0,0,0,0
venezulea,0,0,0,0,0
venganza,0,0,0,0,0
venta,0,0,0,0,0
ventas,0,0,0,0,0
ver,0,0,0,0,0
veracruz,0,0,0,0,0
verdad,0,0,0,0,0
verdadero,0,0,0,0,0
verdades,0,0,0,0,0
verde,0,0,0,0,0
verificar,0,0,0,0,0
verint,0,0,0,0,0
versiones,0,0,0,0,0
verónica,0,0,0,0,0
vez,0,0,0,0,0
viajaba,0,0,0,0,0
viajará,0,0,0,0,0
viaje,0,0,0,0,0
viajó,0,0,0,0,0
vicente,0,0,0,0,0
vicepresidente,0,0,0,0,0
viceprimer,0,0,0,0,0
vida,0,0,0,0,0
vidas,0,0,0,0,0
videgaray,0,0,0,0,0
video,0,0,0,0,0
videocámaras,0,0,0,0,0
videos,0,0,0,0,0
viendo,0,0,0,0,0
vienen,0,0,0,0,0
viernes,0,0,0,0,0
vieron,0,0,0,0,0
vigilados,0,0,0,0,0
vigilancia,0,0,0,0,0
vigilar,0,0,0,0,0
viktor,0,0,0,0,0
vil,0,0,0,0,0
villarreal,0,0,0,0,0
vimos,0,0,0,0,0
vincula,0,0,0,0,0
vinculadas,0,0,0,0,0
vinculó,0,0,0,0,0
viniera,0,0,0,0,0
vio,0,0,0,0,0
violaciones,0,0,0,0,0
violación,0,0,0,0,0
violada,0,0,0,0,0
violan,0,0,0,0,0
violar,0,0,0,0,0
violencia,0,0,0,0,0
violento,0,0,0,0,0
violentos,0,0,0,0,0
virgen,0,0,0,0,0
visados,0,0,0,0,0
visas,0,0,0,0,0
visita,0,0,0,0,0
visitará,0,0,0,0,0
visión,0,0,0,0,0
vista,0,0,0,0,0
visto,0,0,0,0,0
vistos,0,0,0,0,0
vive,0,0,0,0,0
viven,0,0,0,0,0
vivienda,0,0,0,0,0
viviendas,0,0,0,0,0
vivieran,0,0,0,0,0
vivieron,0,0,0,0,0
vivir,0,0,0,0,0
vivivendo,0,0,0,0,0
vivió,0,0,0,0,0
vladimir,0,0,0,0,0
vladislav,0,0,0,0,0
vladímir,0,0,0,0,0
voceadores,0,0,0,0,0
vocero,0,0,0,0,0
voces,0,0,0,0,0
voluntad,0,0,0,0,0
volvieran,0,0,0,0,0
volvieron,0,0,0,0,0
vota,0,0,0,0,0
votar,0,0,0,0,0
voto,0,0,0,0,0
votos,0,0,0,0,0
voy,0,0,0,0,0
voz,0,0,0,0,0
vuelo,0,0,0,0,0
vía,0,0,0,0,0
víctima,0,0,0,0,0
víctimas,0,0,0,0,0
víctor,0,0,0,0,0
vídeo,0,0,0,0,0
víktor,0,0,0,0,0
vínculos,0,0,0,0,0
víspera,0,0,0,0,0
washington,0,0,0,0,0
we,0,0,0,0,0
web,0,0,0,0,0
wisconsin,0,0,0,0,0
world,0,0,0,0,0
xi,0,0,0,0,0
xvi,0,0,0,0,0
yanukovich,0,0,0,0,0
yanukóvich,0,0,0,0,0
yanukóvych,0,0,0,0,0
yatseniuk,0,0,0,0,0
yatsenyuk,0,0,0,0,0
yelena,0,0,0,0,0
york,0,0,0,0,0
yuanes,0,0,0,0,0
yurievich,0,0,0,0,0
zambada,0,0,0,0,0
zelanda,0,0,0,0,0
zona,0,0,0,0,0
zorkin,0,0,0,0,0
áfrica,0,0,0,0,0
ángel,0,0,0,0,0
ánimo,0,0,0,0,0
áreas,0,0,0,0,0
ávila,0,0,0,0,0
índico,0,0,0,0,0
óptica,0,0,0,0,0
órdenes,0,0,0,0,0
órgano,0,0,0,0,0
órganos,0,0,0,0,0
última,0,0,0,0,0
últimas,0,0,0,0,0
último,0,0,0,0,0
única,0,0,0,0,0
único,0,0,0,0,0